ID,px,py,pz,Universe
0,14.425,15.629,-7.739,0
1,15.225,15.629,-7.629,0
2,16.825,15.629,-7.294,0
3,17.625,15.629,-7.597,0
4,18.425,15.629,-7.683,0
5,19.225,15.629,-7.703,0
6,20.025,15.629,-7.703,0
7,20.825,15.629,-7.724,0
8,21.625,15.629,-7.735,0
9,22.425,15.629,-7.739,0
10,23.225,15.629,-7.761,0
11,24.025,15.629,-7.798,3
12,12.425,16.429,-7.688,0
13,13.225,16.429,-7.654,0
14,14.025,16.429,-7.595,0
15,14.825,16.429,-7.448,0
16,15.625,16.429,-7.239,0
17,17.225,16.429,-7.451,0
18,18.025,16.429,-7.649,0
19,18.825,16.429,-7.756,0
20,19.625,16.429,-7.796,0
21,20.425,16.429,-7.806,0
22,21.225,16.429,-7.830,0
23,22.025,16.429,-7.812,0
24,22.825,16.429,-7.861,0
25,23.625,16.429,-7.874,3
26,24.425,16.429,-7.882,3
27,25.225,16.429,-7.864,3
28,26.025,16.429,-7.772,3
29,26.825,16.429,-7.794,3
30,27.625,16.429,-7.850,3
31,28.425,16.429,-7.868,3
32,29.225,16.429,-7.885,3
33,30.025,16.429,-7.889,3
34,11.225,17.229,-7.812,0
35,12.025,17.229,-7.779,0
36,12.825,17.229,-7.747,0
37,13.625,17.229,-7.702,0
38,14.425,17.229,-7.603,0
39,16.025,17.229,-7.369,0
40,16.825,17.229,-7.424,0
41,17.625,17.229,-7.558,0
42,18.425,17.229,-7.723,0
43,19.225,17.229,-7.850,0
44,20.025,17.229,-7.872,0
45,20.825,17.229,-7.875,0
46,21.625,17.229,-7.885,0
47,22.425,17.229,-7.920,0
48,23.225,17.229,-7.958,3
49,24.025,17.229,-7.964,3
50,24.825,17.229,-7.961,3
51,25.625,17.229,-7.999,3
52,26.425,17.229,-7.916,3
53,27.225,17.229,-7.907,3
54,28.025,17.229,-7.903,3
55,28.825,17.229,-7.939,3
56,32.825,17.229,-7.928,3
57,33.625,17.229,-7.947,3
58,34.425,17.229,-7.956,3
59,35.225,17.229,-7.996,3
60,36.025,17.229,-8.053,3
61,36.825,17.229,-8.098,3
62,37.625,17.229,-8.116,5
63,38.425,17.229,-8.110,5
64,39.225,17.229,-8.090,5
65,10.025,18.029,-7.899,0
66,10.825,18.029,-7.901,0
67,11.625,18.029,-7.897,0
68,12.425,18.029,-7.882,0
69,13.225,18.029,-7.856,0
70,14.025,18.029,-7.808,0
71,14.825,18.029,-7.734,0
72,15.625,18.029,-7.663,0
73,16.425,18.029,-7.652,0
74,17.225,18.029,-7.720,0
75,18.025,18.029,-7.822,0
76,18.825,18.029,-7.921,0
77,19.625,18.029,-7.965,0
78,20.425,18.029,-7.977,0
79,21.225,18.029,-7.968,0
80,22.025,18.029,-7.971,0
81,22.825,18.029,-8.013,3
82,23.625,18.029,-8.029,3
83,24.425,18.029,-8.044,3
84,25.225,18.029,-8.068,3
85,26.025,18.029,-8.054,3
86,26.825,18.029,-8.007,3
87,27.625,18.029,-7.978,3
88,28.425,18.029,-7.946,3
89,29.225,18.029,-7.917,3
90,33.225,18.029,-7.928,3
91,34.025,18.029,-7.927,3
92,35.625,18.029,-8.020,3
93,36.425,18.029,-8.096,5
94,37.225,18.029,-8.142,5
95,38.025,18.029,-8.155,5
96,38.825,18.029,-8.147,5
97,39.625,18.029,-8.127,5
98,40.425,18.029,-8.101,5
99,41.225,18.029,-8.078,5
100,42.025,18.029,-8.083,5
101,42.825,18.029,-8.146,5
102,46.825,18.029,-8.220,7
103,47.625,18.029,-8.231,7
104,48.425,18.029,-8.248,7
105,49.225,18.029,-8.226,7
106,50.025,18.029,-8.224,7
107,50.825,18.029,-8.235,7
108,51.625,18.029,-8.250,7
109,52.425,18.029,-8.267,7
110,53.225,18.029,-8.283,7
111,54.025,18.029,-8.295,7
112,54.825,18.029,-8.304,7
113,55.625,18.029,-8.308,7
114,56.425,18.029,-8.304,7
115,9.625,18.829,-8.035,0
116,10.425,18.829,-8.029,0
117,11.225,18.829,-8.025,0
118,12.025,18.829,-8.011,0
119,12.825,18.829,-7.987,0
120,13.625,18.829,-7.964,0
121,14.425,18.829,-7.943,0
122,15.225,18.829,-7.923,0
123,16.025,18.829,-7.917,0
124,16.825,18.829,-7.942,0
125,17.625,18.829,-7.987,0
126,18.425,18.829,-8.030,0
127,19.225,18.829,-8.070,0
128,20.025,18.829,-8.065,0
129,20.825,18.829,-8.036,0
130,21.625,18.829,-8.022,0
131,22.425,18.829,-8.036,3
132,23.225,18.829,-8.078,3
133,24.025,18.829,-8.101,3
134,24.825,18.829,-8.113,3
135,25.625,18.829,-8.118,3
136,26.425,18.829,-8.088,3
137,27.225,18.829,-8.053,3
138,28.025,18.829,-8.029,3
139,28.825,18.829,-8.000,3
140,32.825,18.829,-7.927,3
141,33.625,18.829,-7.972,3
142,34.425,18.829,-7.970,3
143,35.225,18.829,-8.015,3
144,36.025,18.829,-8.098,5
145,36.825,18.829,-8.161,5
146,37.625,18.829,-8.185,5
147,38.425,18.829,-8.178,5
148,39.225,18.829,-8.161,5
149,40.025,18.829,-8.138,5
150,40.825,18.829,-8.079,5
151,41.625,18.829,-7.968,5
152,46.425,18.829,-8.218,7
153,47.225,18.829,-8.208,7
154,48.025,18.829,-8.220,7
155,48.825,18.829,-8.240,7
156,49.625,18.829,-8.242,7
157,50.425,18.829,-8.241,7
158,51.225,18.829,-8.247,7
159,52.025,18.829,-8.259,7
160,52.825,18.829,-8.272,7
161,53.625,18.829,-8.284,7
162,54.425,18.829,-8.293,7
163,55.225,18.829,-8.301,7
164,56.025,18.829,-8.305,7
165,56.825,18.829,-8.299,7
166,57.625,18.829,-8.275,7
167,58.425,18.829,-8.260,7
168,59.225,18.829,-8.233,7
169,60.025,18.829,-8.203,7
170,60.825,18.829,-8.184,7
171,8.425,19.629,-8.217,0
172,9.225,19.629,-8.208,0
173,10.025,19.629,-8.194,0
174,10.825,19.629,-8.182,0
175,11.625,19.629,-8.158,0
176,12.425,19.629,-8.118,0
177,13.225,19.629,-8.089,0
178,14.025,19.629,-8.089,0
179,14.825,19.629,-8.098,0
180,15.625,19.629,-8.110,0
181,16.425,19.629,-8.126,0
182,17.225,19.629,-8.141,0
183,18.025,19.629,-8.147,0
184,18.825,19.629,-8.148,0
185,19.625,19.629,-8.133,0
186,20.425,19.629,-8.108,0
187,21.225,19.629,-8.080,0
188,22.025,19.629,-8.096,3
189,22.825,19.629,-8.143,3
190,23.625,19.629,-8.171,3
191,24.425,19.629,-8.172,3
192,25.225,19.629,-8.161,3
193,26.025,19.629,-8.147,3
194,26.825,19.629,-8.117,3
195,27.625,19.629,-8.092,3
196,28.425,19.629,-8.067,3
197,29.225,19.629,-8.000,3
198,33.225,19.629,-8.040,3
199,34.025,19.629,-8.072,3
200,34.825,19.629,-8.093,3
201,35.625,19.629,-8.141,5
202,36.425,19.629,-8.195,5
203,37.225,19.629,-8.224,5
204,38.025,19.629,-8.218,5
205,39.625,19.629,-8.169,5
206,40.425,19.629,-8.091,5
207,41.225,19.629,-7.843,5
208,42.825,19.629,-7.993,5
209,46.825,19.629,-8.207,7
210,47.625,19.629,-8.199,7
211,48.425,19.629,-8.208,7
212,49.225,19.629,-8.224,7
213,50.025,19.629,-8.235,7
214,50.825,19.629,-8.242,7
215,51.625,19.629,-8.251,7
216,52.425,19.629,-8.263,7
217,53.225,19.629,-8.276,7
218,54.025,19.629,-8.283,7
219,54.825,19.629,-8.286,7
220,55.625,19.629,-8.294,7
221,56.425,19.629,-8.293,7
222,57.225,19.629,-8.253,7
223,58.025,19.629,-8.250,7
224,58.825,19.629,-8.254,7
225,60.425,19.629,-8.229,7
226,61.225,19.629,-8.215,7
227,62.025,19.629,-8.211,7
228,62.825,19.629,-8.217,7
229,63.625,19.629,-8.217,7
230,64.425,19.629,-8.217,7
231,65.225,19.629,-8.219,7
232,8.025,20.429,-8.359,0
233,8.825,20.429,-8.354,0
234,9.625,20.429,-8.347,0
235,10.425,20.429,-8.343,0
236,11.225,20.429,-8.327,0
237,12.025,20.429,-8.289,0
238,12.825,20.429,-8.249,0
239,14.425,20.429,-8.244,0
240,15.225,20.429,-8.258,0
241,16.025,20.429,-8.279,0
242,16.825,20.429,-8.307,0
243,17.625,20.429,-8.317,0
244,18.425,20.429,-8.304,0
245,19.225,20.429,-8.272,0
246,20.025,20.429,-8.228,0
247,20.825,20.429,-8.188,0
248,21.625,20.429,-8.171,3
249,22.425,20.429,-8.199,3
250,23.225,20.429,-8.228,3
251,24.025,20.429,-8.232,3
252,24.825,20.429,-8.219,3
253,25.625,20.429,-8.201,3
254,26.425,20.429,-8.181,3
255,27.225,20.429,-8.152,3
256,28.025,20.429,-8.125,3
257,28.825,20.429,-8.094,3
258,32.825,20.429,-8.093,3
259,33.625,20.429,-8.137,3
260,34.425,20.429,-8.170,5
261,35.225,20.429,-8.202,5
262,36.025,20.429,-8.236,5
263,36.825,20.429,-8.267,5
264,37.625,20.429,-8.282,5
265,38.425,20.429,-8.266,5
266,39.225,20.429,-8.237,5
267,40.025,20.429,-8.166,5
268,40.825,20.429,-7.972,5
269,41.625,20.429,-7.781,5
270,42.425,20.429,-7.871,5
271,46.425,20.429,-8.193,7
272,47.225,20.429,-8.200,7
273,48.025,20.429,-8.220,7
274,48.825,20.429,-8.225,7
275,49.625,20.429,-8.234,7
276,50.425,20.429,-8.239,7
277,51.225,20.429,-8.246,7
278,52.025,20.429,-8.257,7
279,52.825,20.429,-8.271,7
280,53.625,20.429,-8.281,7
281,54.425,20.429,-8.283,7
282,55.225,20.429,-8.278,7
283,56.025,20.429,-8.279,7
284,56.825,20.429,-8.253,7
285,57.625,20.429,-8.261,7
286,58.425,20.429,-8.272,7
287,59.225,20.429,-8.266,7
288,60.025,20.429,-8.254,7
289,60.825,20.429,-8.237,7
290,61.625,20.429,-8.218,7
291,62.425,20.429,-8.203,7
292,63.225,20.429,-8.198,7
293,64.025,20.429,-8.202,7
294,64.825,20.429,-8.208,7
295,65.625,20.429,-8.209,7
296,66.425,20.429,-8.210,9
297,67.225,20.429,-8.209,9
298,68.025,20.429,-8.204,9
299,7.625,21.229,-8.485,0
300,8.425,21.229,-8.460,0
301,9.225,21.229,-8.428,0
302,10.025,21.229,-8.439,0
303,10.825,21.229,-8.464,0
304,11.625,21.229,-8.479,0
305,12.425,21.229,-8.461,0
306,13.225,21.229,-8.434,0
307,14.025,21.229,-8.415,0
308,14.825,21.229,-8.407,0
309,15.625,21.229,-8.417,0
310,16.425,21.229,-8.455,0
311,17.225,21.229,-8.494,0
312,18.025,21.229,-8.494,0
313,18.825,21.229,-8.448,0
314,19.625,21.229,-8.405,0
315,20.425,21.229,-8.349,0
316,21.225,21.229,-8.271,3
317,22.025,21.229,-8.280,3
318,22.825,21.229,-8.312,3
319,23.625,21.229,-8.316,3
320,24.425,21.229,-8.298,3
321,25.225,21.229,-8.271,3
322,26.025,21.229,-8.247,3
323,26.825,21.229,-8.221,3
324,27.625,21.229,-8.190,3
325,28.425,21.229,-8.162,3
326,29.225,21.229,-8.139,3
327,30.025,21.229,-8.124,3
328,30.825,21.229,-8.115,3
329,31.625,21.229,-8.119,3
330,32.425,21.229,-8.137,3
331,33.225,21.229,-8.168,3
332,34.025,21.229,-8.204,5
333,34.825,21.229,-8.238,5
334,35.625,21.229,-8.268,5
335,36.425,21.229,-8.294,5
336,37.225,21.229,-8.322,5
337,38.025,21.229,-8.335,5
338,38.825,21.229,-8.318,5
339,39.625,21.229,-8.271,5
340,40.425,21.229,-8.157,5
341,41.225,21.229,-8.011,5
342,42.025,21.229,-7.969,5
343,46.025,21.229,-8.189,7
344,46.825,21.229,-8.178,7
345,47.625,21.229,-8.218,7
346,48.425,21.229,-8.241,7
347,49.225,21.229,-8.250,7
348,50.025,21.229,-8.254,7
349,50.825,21.229,-8.254,7
350,51.625,21.229,-8.259,7
351,52.425,21.229,-8.270,7
352,53.225,21.229,-8.279,7
353,54.025,21.229,-8.283,7
354,54.825,21.229,-8.278,7
355,55.625,21.229,-8.262,7
356,56.425,21.229,-8.273,7
357,57.225,21.229,-8.284,7
358,58.025,21.229,-8.287,7
359,58.825,21.229,-8.277,7
360,59.625,21.229,-8.263,7
361,60.425,21.229,-8.247,7
362,61.225,21.229,-8.228,7
363,62.025,21.229,-8.206,7
364,62.825,21.229,-8.189,7
365,63.625,21.229,-8.186,7
366,64.425,21.229,-8.196,7
367,65.225,21.229,-8.207,7
368,66.025,21.229,-8.215,9
369,66.825,21.229,-8.217,9
370,67.625,21.229,-8.208,9
371,68.425,21.229,-8.202,9
372,69.225,21.229,-8.200,9
373,70.025,21.229,-8.195,9
374,70.825,21.229,-8.196,9
375,7.225,22.029,-8.721,0
376,8.025,22.029,-8.667,0
377,8.825,22.029,-8.554,0
378,9.625,22.029,-8.504,0
379,10.425,22.029,-8.602,0
380,11.225,22.029,-8.676,0
381,12.025,22.029,-8.692,0
382,12.825,22.029,-8.663,0
383,13.625,22.029,-8.620,0
384,16.025,22.029,-8.616,0
385,16.825,22.029,-8.662,0
386,17.625,22.029,-8.678,0
387,18.425,22.029,-8.643,0
388,19.225,22.029,-8.593,0
389,20.025,22.029,-8.571,0
390,20.825,22.029,-8.501,3
391,21.625,22.029,-8.450,3
392,22.425,22.029,-8.453,3
393,23.225,22.029,-8.450,3
394,24.025,22.029,-8.426,3
395,24.825,22.029,-8.389,3
396,25.625,22.029,-8.352,3
397,26.425,22.029,-8.321,3
398,27.225,22.029,-8.282,3
399,28.025,22.029,-8.234,3
400,28.825,22.029,-8.202,3
401,29.625,22.029,-8.188,3
402,30.425,22.029,-8.181,3
403,31.225,22.029,-8.172,3
404,32.025,22.029,-8.166,3
405,32.825,22.029,-8.178,3
406,33.625,22.029,-8.215,5
407,34.425,22.029,-8.261,5
408,35.225,22.029,-8.299,5
409,36.025,22.029,-8.327,5
410,36.825,22.029,-8.351,5
411,37.625,22.029,-8.371,5
412,38.425,22.029,-8.375,5
413,39.225,22.029,-8.357,5
414,40.025,22.029,-8.307,5
415,40.825,22.029,-8.225,5
416,41.625,22.029,-8.159,5
417,42.425,22.029,-8.149,5
418,46.425,22.029,-8.205,7
419,47.225,22.029,-8.213,7
420,48.025,22.029,-8.241,7
421,48.825,22.029,-8.261,7
422,49.625,22.029,-8.272,7
423,50.425,22.029,-8.276,7
424,51.225,22.029,-8.276,7
425,52.025,22.029,-8.278,7
426,52.825,22.029,-8.282,7
427,53.625,22.029,-8.281,7
428,54.425,22.029,-8.270,7
429,55.225,22.029,-8.220,7
430,56.025,22.029,-8.247,7
431,56.825,22.029,-8.280,7
432,57.625,22.029,-8.287,7
433,58.425,22.029,-8.280,7
434,59.225,22.029,-8.265,7
435,60.825,22.029,-8.235,7
436,61.625,22.029,-8.218,7
437,62.425,22.029,-8.200,7
438,64.025,22.029,-8.191,7
439,64.825,22.029,-8.202,9
440,66.425,22.029,-8.219,9
441,67.225,22.029,-8.211,9
442,68.025,22.029,-8.201,9
443,68.825,22.029,-8.196,9
444,69.625,22.029,-8.190,9
445,70.425,22.029,-8.188,9
446,71.225,22.029,-8.193,9
447,72.025,22.029,-8.204,9
448,72.825,22.029,-8.213,9
449,73.625,22.029,-8.219,9
450,6.825,22.829,-9.168,0
451,7.625,22.829,-9.102,0
452,8.425,22.829,-9.002,0
453,10.025,22.829,-8.843,0
454,10.825,22.829,-8.921,0
455,11.625,22.829,-8.923,0
456,12.425,22.829,-8.912,0
457,13.225,22.829,-8.857,0
458,14.825,22.829,-8.765,0
459,15.625,22.829,-8.772,0
460,16.425,22.829,-8.795,0
461,17.225,22.829,-8.821,0
462,18.025,22.829,-8.822,0
463,18.825,22.829,-8.805,0
464,19.625,22.829,-8.831,0
465,20.425,22.829,-8.784,3
466,21.225,22.829,-8.698,3
467,22.025,22.829,-8.654,3
468,22.825,22.829,-8.630,3
469,23.625,22.829,-8.603,3
470,24.425,22.829,-8.565,3
471,25.225,22.829,-8.523,3
472,26.025,22.829,-8.483,3
473,26.825,22.829,-8.438,3
474,27.625,22.829,-8.373,3
475,29.225,22.829,-8.285,3
476,30.025,22.829,-8.272,3
477,30.825,22.829,-8.253,3
478,31.625,22.829,-8.217,3
479,32.425,22.829,-8.192,5
480,33.225,22.829,-8.214,5
481,34.025,22.829,-8.273,5
482,34.825,22.829,-8.331,5
483,35.625,22.829,-8.367,5
484,36.425,22.829,-8.387,5
485,37.225,22.829,-8.402,5
486,38.025,22.829,-8.411,5
487,38.825,22.829,-8.408,5
488,39.625,22.829,-8.387,5
489,40.425,22.829,-8.347,5
490,41.225,22.829,-8.295,5
491,42.025,22.829,-8.252,5
492,46.025,22.829,-8.239,7
493,46.825,22.829,-8.236,7
494,47.625,22.829,-8.238,7
495,48.425,22.829,-8.259,7
496,49.225,22.829,-8.279,7
497,50.025,22.829,-8.290,7
498,50.825,22.829,-8.291,7
499,51.625,22.829,-8.289,7
500,52.425,22.829,-8.289,7
501,53.225,22.829,-8.285,7
502,54.025,22.829,-8.275,7
503,54.825,22.829,-8.264,7
504,55.625,22.829,-8.260,7
505,56.425,22.829,-8.278,7
506,57.225,22.829,-8.289,7
507,58.025,22.829,-8.285,7
508,58.825,22.829,-8.272,7
509,59.625,22.829,-8.254,7
510,60.425,22.829,-8.240,7
511,61.225,22.829,-8.229,7
512,62.025,22.829,-8.217,7
513,63.625,22.829,-8.199,9
514,64.425,22.829,-8.203,9
515,65.225,22.829,-8.210,9
516,66.025,22.829,-8.212,9
517,66.825,22.829,-8.207,9
518,67.625,22.829,-8.197,9
519,68.425,22.829,-8.187,9
520,69.225,22.829,-8.180,9
521,70.025,22.829,-8.180,9
522,70.825,22.829,-8.185,9
523,71.625,22.829,-8.191,9
524,72.425,22.829,-8.200,9
525,73.225,22.829,-8.211,9
526,74.025,22.829,-8.219,9
527,74.825,22.829,-8.220,9
528,75.625,22.829,-8.210,9
529,10.425,23.629,-9.260,0
530,11.225,23.629,-9.229,0
531,12.025,23.629,-9.203,0
532,12.825,23.629,-9.155,0
533,13.625,23.629,-9.077,0
534,15.225,23.629,-8.954,0
535,16.025,23.629,-8.907,0
536,16.825,23.629,-8.898,0
537,17.625,23.629,-8.989,0
538,18.425,23.629,-8.988,0
539,19.225,23.629,-8.957,0
540,20.025,23.629,-8.951,3
541,20.825,23.629,-8.892,3
542,21.625,23.629,-8.849,3
543,22.425,23.629,-8.822,3
544,23.225,23.629,-8.797,3
545,24.025,23.629,-8.768,3
546,24.825,23.629,-8.731,3
547,25.625,23.629,-8.692,3
548,26.425,23.629,-8.653,3
549,27.225,23.629,-8.603,3
550,28.025,23.629,-8.539,3
551,28.825,23.629,-8.488,3
552,29.625,23.629,-8.453,3
553,30.425,23.629,-8.422,3
554,31.225,23.629,-8.375,3
555,32.025,23.629,-8.314,5
556,33.625,23.629,-8.328,5
557,34.425,23.629,-8.385,5
558,35.225,23.629,-8.425,5
559,36.025,23.629,-8.443,5
560,37.625,23.629,-8.456,5
561,38.425,23.629,-8.454,5
562,39.225,23.629,-8.440,5
563,40.025,23.629,-8.414,5
564,40.825,23.629,-8.375,5
565,41.625,23.629,-8.327,5
566,45.625,23.629,-8.241,7
567,46.425,23.629,-8.251,7
568,47.225,23.629,-8.249,7
569,48.025,23.629,-8.258,7
570,48.825,23.629,-8.280,7
571,49.625,23.629,-8.296,7
572,50.425,23.629,-8.300,7
573,51.225,23.629,-8.295,7
574,52.025,23.629,-8.294,7
575,52.825,23.629,-8.293,7
576,53.625,23.629,-8.282,7
577,54.425,23.629,-8.270,7
578,55.225,23.629,-8.268,7
579,56.025,23.629,-8.273,7
580,56.825,23.629,-8.286,7
581,57.625,23.629,-8.291,7
582,58.425,23.629,-8.280,7
583,59.225,23.629,-8.263,7
584,60.025,23.629,-8.248,7
585,60.825,23.629,-8.239,7
586,61.625,23.629,-8.233,7
587,62.425,23.629,-8.224,9
588,63.225,23.629,-8.215,9
589,64.025,23.629,-8.211,9
590,64.825,23.629,-8.211,9
591,65.625,23.629,-8.208,9
592,66.425,23.629,-8.199,9
593,67.225,23.629,-8.178,9
594,68.025,23.629,-8.163,9
595,68.825,23.629,-8.162,9
596,69.625,23.629,-8.169,9
597,70.425,23.629,-8.178,9
598,71.225,23.629,-8.184,9
599,72.025,23.629,-8.191,9
600,72.825,23.629,-8.202,9
601,73.625,23.629,-8.215,9
602,74.425,23.629,-8.226,9
603,75.225,23.629,-8.233,9
604,76.025,23.629,-8.236,9
605,76.825,23.629,-8.237,9
606,77.625,23.629,-8.239,9
607,14.825,24.429,-9.301,0
608,15.625,24.429,-9.243,0
609,16.425,24.429,-9.165,0
610,17.225,24.429,-9.183,0
611,18.025,24.429,-9.162,0
612,18.825,24.429,-9.159,0
613,19.625,24.429,-9.130,3
614,20.425,24.429,-9.074,3
615,21.225,24.429,-9.038,3
616,22.025,24.429,-9.012,3
617,22.825,24.429,-8.988,3
618,23.625,24.429,-8.964,3
619,24.425,24.429,-8.936,3
620,25.225,24.429,-8.905,3
621,26.025,24.429,-8.872,3
622,26.825,24.429,-8.838,3
623,27.625,24.429,-8.800,3
624,28.425,24.429,-8.754,3
625,29.225,24.429,-8.706,3
626,30.025,24.429,-8.661,3
627,30.825,24.429,-8.621,3
628,31.625,24.429,-8.568,5
629,32.425,24.429,-8.518,5
630,33.225,24.429,-8.506,5
631,34.025,24.429,-8.518,5
632,34.825,24.429,-8.528,5
633,35.625,24.429,-8.539,5
634,36.425,24.429,-8.543,5
635,37.225,24.429,-8.544,5
636,38.025,24.429,-8.533,5
637,38.825,24.429,-8.511,5
638,39.625,24.429,-8.479,5
639,40.425,24.429,-8.440,5
640,41.225,24.429,-8.390,5
641,42.025,24.429,-8.331,5
642,46.025,24.429,-8.231,7
643,46.825,24.429,-8.233,7
644,47.625,24.429,-8.246,7
645,48.425,24.429,-8.273,7
646,49.225,24.429,-8.299,7
647,50.025,24.429,-8.312,7
648,50.825,24.429,-8.308,7
649,51.625,24.429,-8.302,7
650,52.425,24.429,-8.304,7
651,53.225,24.429,-8.299,7
652,54.025,24.429,-8.282,7
653,54.825,24.429,-8.275,7
654,55.625,24.429,-8.278,7
655,56.425,24.429,-8.286,7
656,57.225,24.429,-8.296,7
657,58.025,24.429,-8.288,7
658,58.825,24.429,-8.265,7
659,59.625,24.429,-8.255,7
660,60.425,24.429,-8.254,7
661,61.225,24.429,-8.251,9
662,62.025,24.429,-8.245,9
663,62.825,24.429,-8.235,9
664,63.625,24.429,-8.222,9
665,64.425,24.429,-8.211,9
666,65.225,24.429,-8.206,9
667,66.025,24.429,-8.195,9
668,66.825,24.429,-8.165,9
669,67.625,24.429,-8.115,9
670,68.425,24.429,-8.117,9
671,69.225,24.429,-8.147,9
672,70.025,24.429,-8.170,9
673,70.825,24.429,-8.181,9
674,71.625,24.429,-8.186,9
675,72.425,24.429,-8.196,9
676,73.225,24.429,-8.211,9
677,74.025,24.429,-8.225,9
678,74.825,24.429,-8.237,9
679,75.625,24.429,-8.246,9
680,76.425,24.429,-8.254,9
681,77.225,24.429,-8.259,9
682,78.025,24.429,-8.259,9
683,78.825,24.429,-8.258,9
684,79.625,24.429,-8.256,9
685,18.425,25.229,-9.391,0
686,19.225,25.229,-9.368,3
687,20.025,25.229,-9.302,3
688,20.825,25.229,-9.265,3
689,21.625,25.229,-9.231,3
690,22.425,25.229,-9.188,3
691,23.225,25.229,-9.143,3
692,24.025,25.229,-9.108,3
693,24.825,25.229,-9.090,3
694,25.625,25.229,-9.073,3
695,26.425,25.229,-9.045,3
696,27.225,25.229,-9.012,3
697,28.025,25.229,-8.974,3
698,28.825,25.229,-8.932,3
699,29.625,25.229,-8.891,3
700,30.425,25.229,-8.864,5
701,31.225,25.229,-8.827,5
702,32.025,25.229,-8.777,5
703,32.825,25.229,-8.741,5
704,33.625,25.229,-8.715,5
705,34.425,25.229,-8.692,5
706,35.225,25.229,-8.683,5
707,36.025,25.229,-8.681,5
708,36.825,25.229,-8.680,5
709,37.625,25.229,-8.658,5
710,38.425,25.229,-8.632,5
711,39.225,25.229,-8.577,5
712,40.025,25.229,-8.522,5
713,40.825,25.229,-8.467,5
714,41.625,25.229,-8.395,5
715,45.625,25.229,-8.176,7
716,46.425,25.229,-8.164,7
717,47.225,25.229,-8.195,7
718,48.025,25.229,-8.249,7
719,48.825,25.229,-8.299,7
720,49.625,25.229,-8.330,7
721,50.425,25.229,-8.339,7
722,51.225,25.229,-8.333,7
723,52.025,25.229,-8.330,7
724,52.825,25.229,-8.329,7
725,53.625,25.229,-8.315,7
726,54.425,25.229,-8.302,7
727,55.225,25.229,-8.297,7
728,56.025,25.229,-8.300,7
729,56.825,25.229,-8.310,7
730,57.625,25.229,-8.314,7
731,58.425,25.229,-8.283,7
732,59.225,25.229,-8.260,7
733,60.025,25.229,-8.268,7
734,60.825,25.229,-8.273,9
735,61.625,25.229,-8.267,9
736,62.425,25.229,-8.258,9
737,63.225,25.229,-8.240,9
738,64.825,25.229,-8.201,9
739,65.625,25.229,-8.195,9
740,66.425,25.229,-8.175,9
741,67.225,25.229,-8.107,9
742,68.825,25.229,-8.116,9
743,69.625,25.229,-8.157,9
744,70.425,25.229,-8.180,9
745,71.225,25.229,-8.189,9
746,72.025,25.229,-8.195,9
747,72.825,25.229,-8.207,9
748,73.625,25.229,-8.225,9
749,74.425,25.229,-8.241,9
750,75.225,25.229,-8.251,9
751,76.025,25.229,-8.259,9
752,76.825,25.229,-8.264,9
753,77.625,25.229,-8.266,9
754,78.425,25.229,-8.265,9
755,79.225,25.229,-8.263,9
756,80.025,25.229,-8.258,11
757,80.825,25.229,-8.250,11
758,81.625,25.229,-8.240,11
759,6.025,26.029,-9.194,1
760,6.825,26.029,-9.246,1
761,22.025,26.029,-9.404,3
762,22.825,26.029,-9.334,3
763,23.625,26.029,-9.265,3
764,24.425,26.029,-9.236,3
765,25.225,26.029,-9.251,3
766,26.025,26.029,-9.247,3
767,26.825,26.029,-9.214,3
768,27.625,26.029,-9.169,3
769,28.425,26.029,-9.120,3
770,29.225,26.029,-9.088,3
771,30.025,26.029,-9.064,5
772,30.825,26.029,-9.034,5
773,31.625,26.029,-8.983,5
774,32.425,26.029,-8.944,5
775,33.225,26.029,-8.905,5
776,34.025,26.029,-8.874,5
777,34.825,26.029,-8.866,5
778,35.625,26.029,-8.870,5
779,36.425,26.029,-8.852,5
780,37.225,26.029,-8.825,5
781,38.025,26.029,-8.775,5
782,38.825,26.029,-8.715,5
783,39.625,26.029,-8.633,5
784,40.425,26.029,-8.576,5
785,41.225,26.029,-8.499,5
786,45.225,26.029,-8.200,7
787,46.025,26.029,-8.165,7
788,47.625,26.029,-8.243,7
789,48.425,26.029,-8.309,7
790,49.225,26.029,-8.358,7
791,50.025,26.029,-8.383,7
792,50.825,26.029,-8.387,7
793,51.625,26.029,-8.381,7
794,52.425,26.029,-8.376,7
795,53.225,26.029,-8.362,7
796,54.025,26.029,-8.336,7
797,54.825,26.029,-8.306,7
798,55.625,26.029,-8.305,7
799,56.425,26.029,-8.328,7
800,57.225,26.029,-8.349,7
801,58.025,26.029,-8.348,7
802,58.825,26.029,-8.319,7
803,59.625,26.029,-8.301,9
804,60.425,26.029,-8.295,9
805,61.225,26.029,-8.283,9
806,62.025,26.029,-8.269,9
807,62.825,26.029,-8.258,9
808,63.625,26.029,-8.234,9
809,64.425,26.029,-8.217,9
810,65.225,26.029,-8.200,9
811,66.025,26.029,-8.188,9
812,66.825,26.029,-8.155,9
813,67.625,26.029,-8.118,9
814,68.425,26.029,-8.124,9
815,69.225,26.029,-8.156,9
816,70.025,26.029,-8.184,9
817,70.825,26.029,-8.198,9
818,71.625,26.029,-8.204,9
819,72.425,26.029,-8.210,9
820,73.225,26.029,-8.225,9
821,74.025,26.029,-8.245,9
822,74.825,26.029,-8.260,9
823,75.625,26.029,-8.266,9
824,76.425,26.029,-8.266,9
825,77.225,26.029,-8.266,9
826,78.025,26.029,-8.268,11
827,78.825,26.029,-8.270,11
828,79.625,26.029,-8.268,11
829,80.425,26.029,-8.259,11
830,81.225,26.029,-8.244,11
831,82.025,26.029,-8.228,11
832,82.825,26.029,-8.216,11
833,83.625,26.029,-8.208,11
834,5.625,26.829,-8.937,1
835,6.425,26.829,-9.005,1
836,7.225,26.829,-9.009,1
837,8.025,26.829,-8.984,1
838,8.825,26.829,-8.999,1
839,9.625,26.829,-9.061,1
840,10.425,26.829,-9.203,1
841,25.625,26.829,-9.448,3
842,26.425,26.829,-9.429,3
843,27.225,26.829,-9.394,3
844,28.025,26.829,-9.364,3
845,28.825,26.829,-9.335,5
846,29.625,26.829,-9.301,5
847,30.425,26.829,-9.216,5
848,31.225,26.829,-9.170,5
849,32.025,26.829,-9.140,5
850,32.825,26.829,-9.083,5
851,33.625,26.829,-9.030,5
852,34.425,26.829,-9.027,5
853,35.225,26.829,-9.051,5
854,36.025,26.829,-9.035,5
855,36.825,26.829,-8.993,5
856,37.625,26.829,-8.920,5
857,38.425,26.829,-8.885,5
858,39.225,26.829,-8.794,5
859,40.025,26.829,-8.738,5
860,40.825,26.829,-8.689,5
861,41.625,26.829,-8.548,5
862,44.825,26.829,-8.344,7
863,45.625,26.829,-8.304,7
864,47.225,26.829,-8.317,7
865,48.025,26.829,-8.369,7
866,48.825,26.829,-8.419,7
867,49.625,26.829,-8.450,7
868,50.425,26.829,-8.460,7
869,51.225,26.829,-8.453,7
870,52.025,26.829,-8.442,7
871,52.825,26.829,-8.430,7
872,53.625,26.829,-8.395,7
873,54.425,26.829,-8.337,7
874,55.225,26.829,-8.321,7
875,56.025,26.829,-8.357,7
876,56.825,26.829,-8.399,7
877,57.625,26.829,-8.415,7
878,58.425,26.829,-8.398,9
879,59.225,26.829,-8.358,9
880,60.025,26.829,-8.320,9
881,60.825,26.829,-8.293,9
882,61.625,26.829,-8.264,9
883,62.425,26.829,-8.257,9
884,63.225,26.829,-8.259,9
885,64.025,26.829,-8.248,9
886,64.825,26.829,-8.229,9
887,65.625,26.829,-8.211,9
888,66.425,26.829,-8.200,9
889,67.225,26.829,-8.183,9
890,68.025,26.829,-8.177,9
891,68.825,26.829,-8.190,9
892,69.625,26.829,-8.207,9
893,70.425,26.829,-8.219,9
894,71.225,26.829,-8.224,9
895,72.025,26.829,-8.224,9
896,72.825,26.829,-8.228,9
897,73.625,26.829,-8.246,9
898,74.425,26.829,-8.266,9
899,75.225,26.829,-8.275,9
900,76.025,26.829,-8.271,9
901,76.825,26.829,-8.266,11
902,77.625,26.829,-8.269,11
903,78.425,26.829,-8.275,11
904,79.225,26.829,-8.276,11
905,80.025,26.829,-8.268,11
906,80.825,26.829,-8.253,11
907,81.625,26.829,-8.233,11
908,82.425,26.829,-8.210,11
909,83.225,26.829,-8.195,11
910,84.025,26.829,-8.192,11
911,84.825,26.829,-8.196,11
912,5.225,27.629,-8.552,1
913,6.025,27.629,-8.694,1
914,6.825,27.629,-8.777,1
915,8.425,27.629,-8.835,1
916,10.025,27.629,-8.947,1
917,10.825,27.629,-9.069,1
918,11.625,27.629,-9.101,1
919,12.425,27.629,-9.091,1
920,13.225,27.629,-9.175,1
921,14.025,27.629,-9.213,1
922,30.025,27.629,-9.485,5
923,30.825,27.629,-9.429,5
924,31.625,27.629,-9.363,5
925,32.425,27.629,-9.337,5
926,33.225,27.629,-9.251,5
927,34.025,27.629,-9.203,5
928,34.825,27.629,-9.203,5
929,35.625,27.629,-9.188,5
930,36.425,27.629,-9.147,5
931,37.225,27.629,-9.116,5
932,38.025,27.629,-9.062,5
933,38.825,27.629,-9.011,5
934,39.625,27.629,-8.945,5
935,40.425,27.629,-8.954,5
936,41.225,27.629,-8.848,5
937,45.225,27.629,-8.520,7
938,46.025,27.629,-8.485,7
939,46.825,27.629,-8.478,7
940,47.625,27.629,-8.500,7
941,48.425,27.629,-8.533,7
942,49.225,27.629,-8.558,7
943,50.025,27.629,-8.568,7
944,50.825,27.629,-8.561,7
945,51.625,27.629,-8.548,7
946,52.425,27.629,-8.540,7
947,53.225,27.629,-8.523,7
948,54.025,27.629,-8.474,7
949,55.625,27.629,-8.458,7
950,56.425,27.629,-8.497,7
951,57.225,27.629,-8.518,9
952,58.025,27.629,-8.505,9
953,58.825,27.629,-8.467,9
954,59.625,27.629,-8.425,9
955,60.425,27.629,-8.387,9
956,61.225,27.629,-8.355,9
957,62.025,27.629,-8.341,9
958,62.825,27.629,-8.324,9
959,63.625,27.629,-8.304,9
960,64.425,27.629,-8.294,9
961,65.225,27.629,-8.275,9
962,66.025,27.629,-8.262,9
963,66.825,27.629,-8.250,9
964,67.625,27.629,-8.245,9
965,68.425,27.629,-8.248,9
966,69.225,27.629,-8.253,9
967,70.025,27.629,-8.255,9
968,70.825,27.629,-8.251,9
969,71.625,27.629,-8.237,9
970,72.425,27.629,-8.223,9
971,73.225,27.629,-8.234,9
972,74.025,27.629,-8.262,9
973,74.825,27.629,-8.281,9
974,75.625,27.629,-8.280,11
975,76.425,27.629,-8.272,11
976,77.225,27.629,-8.271,11
977,78.025,27.629,-8.278,11
978,78.825,27.629,-8.281,11
979,79.625,27.629,-8.272,11
980,80.425,27.629,-8.259,11
981,81.225,27.629,-8.242,11
982,82.025,27.629,-8.208,11
983,82.825,27.629,-8.171,11
984,83.625,27.629,-8.161,11
985,84.425,27.629,-8.181,11
986,85.225,27.629,-8.203,11
987,86.025,27.629,-8.214,11
988,5.625,28.429,-8.433,1
989,6.425,28.429,-8.566,1
990,8.025,28.429,-8.621,1
991,8.825,28.429,-8.691,1
992,9.625,28.429,-8.798,1
993,10.425,28.429,-8.907,1
994,11.225,28.429,-8.931,1
995,12.025,28.429,-8.931,1
996,12.825,28.429,-8.975,1
997,13.625,28.429,-9.064,1
998,14.425,28.429,-9.097,1
999,15.225,28.429,-9.140,1
1000,16.025,28.429,-9.182,1
1001,16.825,28.429,-9.177,1
1002,17.625,28.429,-9.218,1
1003,33.625,28.429,-9.513,5
1004,34.425,28.429,-9.462,5
1005,35.225,28.429,-9.387,5
1006,36.025,28.429,-9.325,5
1007,36.825,28.429,-9.252,5
1008,37.625,28.429,-9.200,5
1009,38.425,28.429,-9.187,5
1010,39.225,28.429,-9.164,5
1011,40.025,28.429,-9.176,5
1012,40.825,28.429,-9.154,5
1013,44.825,28.429,-8.765,7
1014,45.625,28.429,-8.713,7
1015,46.425,28.429,-8.686,7
1016,47.225,28.429,-8.684,7
1017,48.025,28.429,-8.696,7
1018,48.825,28.429,-8.710,7
1019,49.625,28.429,-8.716,7
1020,50.425,28.429,-8.711,7
1021,51.225,28.429,-8.699,7
1022,52.025,28.429,-8.689,7
1023,52.825,28.429,-8.688,7
1024,53.625,28.429,-8.675,7
1025,54.425,28.429,-8.646,7
1026,55.225,28.429,-8.634,7
1027,56.025,28.429,-8.647,9
1028,56.825,28.429,-8.658,9
1029,57.625,28.429,-8.643,9
1030,58.425,28.429,-8.606,9
1031,59.225,28.429,-8.578,9
1032,60.025,28.429,-8.558,9
1033,60.825,28.429,-8.516,9
1034,61.625,28.429,-8.487,9
1035,62.425,28.429,-8.470,9
1036,63.225,28.429,-8.340,9
1037,64.025,28.429,-8.403,9
1038,64.825,28.429,-8.389,9
1039,65.625,28.429,-8.369,9
1040,66.425,28.429,-8.352,9
1041,67.225,28.429,-8.340,9
1042,68.025,28.429,-8.335,9
1043,68.825,28.429,-8.327,9
1044,69.625,28.429,-8.314,9
1045,70.425,28.429,-8.295,9
1046,71.225,28.429,-8.257,9
1047,72.025,28.429,-8.200,9
1048,72.825,28.429,-8.187,9
1049,73.625,28.429,-8.236,9
1050,74.425,28.429,-8.282,11
1051,75.225,28.429,-8.297,11
1052,76.025,28.429,-8.290,11
1053,76.825,28.429,-8.276,11
1054,77.625,28.429,-8.271,11
1055,78.425,28.429,-8.273,11
1056,79.225,28.429,-8.266,11
1057,80.025,28.429,-8.257,11
1058,80.825,28.429,-8.254,11
1059,81.625,28.429,-8.229,11
1060,82.425,28.429,-8.170,11
1061,83.225,28.429,-8.130,11
1062,84.025,28.429,-8.152,11
1063,84.825,28.429,-8.202,11
1064,85.625,28.429,-8.228,11
1065,86.425,28.429,-8.236,11
1066,87.225,28.429,-8.245,11
1067,5.225,29.229,-8.221,1
1068,6.025,29.229,-8.445,1
1069,6.825,29.229,-8.475,1
1070,7.625,29.229,-8.533,1
1071,8.425,29.229,-8.638,1
1072,9.225,29.229,-8.712,1
1073,10.025,29.229,-8.777,1
1074,10.825,29.229,-8.811,1
1075,11.625,29.229,-8.848,1
1076,12.425,29.229,-8.876,1
1077,13.225,29.229,-8.907,1
1078,14.025,29.229,-8.958,1
1079,14.825,29.229,-8.974,1
1080,15.625,29.229,-8.978,1
1081,16.425,29.229,-8.957,1
1082,17.225,29.229,-9.009,1
1083,18.025,29.229,-9.110,1
1084,18.825,29.229,-9.152,2
1085,19.625,29.229,-9.233,2
1086,20.425,29.229,-9.279,2
1087,21.225,29.229,-9.307,2
1088,22.025,29.229,-9.358,2
1089,38.025,29.229,-9.499,5
1090,38.825,29.229,-9.424,5
1091,39.625,29.229,-9.392,5
1092,40.425,29.229,-9.379,5
1093,44.425,29.229,-9.059,7
1094,45.225,29.229,-8.965,7
1095,46.025,29.229,-8.917,7
1096,46.825,29.229,-8.897,7
1097,47.625,29.229,-8.893,7
1098,48.425,29.229,-8.895,7
1099,49.225,29.229,-8.894,7
1100,50.025,29.229,-8.887,7
1101,50.825,29.229,-8.875,7
1102,51.625,29.229,-8.864,7
1103,52.425,29.229,-8.857,7
1104,53.225,29.229,-8.853,7
1105,54.025,29.229,-8.837,7
1106,54.825,29.229,-8.808,7
1107,55.625,29.229,-8.794,9
1108,56.425,29.229,-8.792,9
1109,57.225,29.229,-8.778,9
1110,58.025,29.229,-8.734,9
1111,58.825,29.229,-8.678,9
1112,59.625,29.229,-8.700,9
1113,60.425,29.229,-8.678,9
1114,61.225,29.229,-8.620,9
1115,62.025,29.229,-8.618,9
1116,62.825,29.229,-8.597,9
1117,63.625,29.229,-8.568,9
1118,64.425,29.229,-8.552,9
1119,65.225,29.229,-8.517,9
1120,66.025,29.229,-8.492,9
1121,66.825,29.229,-8.478,9
1122,67.625,29.229,-8.464,9
1123,68.425,29.229,-8.446,9
1124,69.225,29.229,-8.423,9
1125,70.025,29.229,-8.391,9
1126,70.825,29.229,-8.341,9
1127,71.625,29.229,-8.258,9
1128,72.425,29.229,-8.194,9
1129,73.225,29.229,-8.227,11
1130,74.025,29.229,-8.296,11
1131,74.825,29.229,-8.330,11
1132,75.625,29.229,-8.326,11
1133,76.425,29.229,-8.292,11
1134,77.225,29.229,-8.246,11
1135,78.025,29.229,-8.235,11
1136,78.825,29.229,-8.232,11
1137,79.625,29.229,-8.220,11
1138,80.425,29.229,-8.246,11
1139,81.225,29.229,-8.260,11
1140,82.025,29.229,-8.222,11
1141,82.825,29.229,-8.170,11
1142,83.625,29.229,-8.162,11
1143,84.425,29.229,-8.206,11
1144,85.225,29.229,-8.245,11
1145,86.025,29.229,-8.260,11
1146,86.825,29.229,-8.269,11
1147,87.625,29.229,-8.270,11
1148,88.425,29.229,-8.253,11
1149,5.625,30.029,-8.314,1
1150,6.425,30.029,-8.419,1
1151,7.225,30.029,-8.490,1
1152,8.025,30.029,-8.577,1
1153,8.825,30.029,-8.640,1
1154,9.625,30.029,-8.665,1
1155,10.425,30.029,-8.675,1
1156,11.225,30.029,-8.701,1
1157,12.025,30.029,-8.733,1
1158,12.825,30.029,-8.773,1
1159,13.625,30.029,-8.805,1
1160,14.425,30.029,-8.843,1
1161,15.225,30.029,-8.858,1
1162,16.025,30.029,-8.854,1
1163,16.825,30.029,-8.910,1
1164,17.625,30.029,-8.939,1
1165,18.425,30.029,-9.004,2
1166,19.225,30.029,-9.074,2
1167,20.025,30.029,-9.157,2
1168,20.825,30.029,-9.192,2
1169,21.625,30.029,-9.188,2
1170,22.425,30.029,-9.243,2
1171,23.225,30.029,-9.282,2
1172,24.025,30.029,-9.309,2
1173,24.825,30.029,-9.335,2
1174,25.625,30.029,-9.412,2
1175,44.025,30.029,-9.458,7
1176,44.825,30.029,-9.303,7
1177,45.625,30.029,-9.207,7
1178,46.425,30.029,-9.161,7
1179,47.225,30.029,-9.136,7
1180,48.025,30.029,-9.120,7
1181,48.825,30.029,-9.107,7
1182,49.625,30.029,-9.090,7
1183,50.425,30.029,-9.071,7
1184,51.225,30.029,-9.053,7
1185,52.025,30.029,-9.036,7
1186,52.825,30.029,-9.020,7
1187,53.625,30.029,-9.002,7
1188,54.425,30.029,-8.976,9
1189,55.225,30.029,-8.937,9
1190,56.025,30.029,-8.915,9
1191,56.825,30.029,-8.889,9
1192,57.625,30.029,-8.855,9
1193,58.425,30.029,-8.831,9
1194,59.225,30.029,-8.858,9
1195,60.025,30.029,-8.836,9
1196,60.825,30.029,-8.812,9
1197,61.625,30.029,-8.808,9
1198,62.425,30.029,-8.781,9
1199,63.225,30.029,-8.790,9
1200,64.025,30.029,-8.717,9
1201,64.825,30.029,-8.715,9
1202,65.625,30.029,-8.672,9
1203,66.425,30.029,-8.646,9
1204,67.225,30.029,-8.628,9
1205,68.025,30.029,-8.601,9
1206,68.825,30.029,-8.576,9
1207,69.625,30.029,-8.547,9
1208,70.425,30.029,-8.503,9
1209,71.225,30.029,-8.436,9
1210,72.025,30.029,-8.363,11
1211,72.825,30.029,-8.347,11
1212,73.625,30.029,-8.389,11
1213,74.425,30.029,-8.418,11
1214,75.225,30.029,-8.413,11
1215,76.025,30.029,-8.376,11
1216,76.825,30.029,-8.293,11
1217,78.425,30.029,-8.238,11
1218,79.225,30.029,-8.201,11
1219,80.825,30.029,-8.285,11
1220,81.625,30.029,-8.297,11
1221,82.425,30.029,-8.274,11
1222,83.225,30.029,-8.255,11
1223,84.025,30.029,-8.257,11
1224,84.825,30.029,-8.275,11
1225,85.625,30.029,-8.291,11
1226,86.425,30.029,-8.298,11
1227,87.225,30.029,-8.291,11
1228,88.025,30.029,-8.261,11
1229,88.825,30.029,-8.221,11
1230,89.625,30.029,-8.191,11
1231,5.225,30.829,-8.199,1
1232,6.025,30.829,-8.309,1
1233,6.825,30.829,-8.416,1
1234,7.625,30.829,-8.510,1
1235,8.425,30.829,-8.526,1
1236,9.225,30.829,-8.532,1
1237,10.025,30.829,-8.550,1
1238,10.825,30.829,-8.581,1
1239,11.625,30.829,-8.590,1
1240,13.225,30.829,-8.668,1
1241,14.025,30.829,-8.706,1
1242,14.825,30.829,-8.723,1
1243,15.625,30.829,-8.738,1
1244,16.425,30.829,-8.762,1
1245,17.225,30.829,-8.762,1
1246,18.025,30.829,-8.775,1
1247,18.825,30.829,-8.839,2
1248,19.625,30.829,-8.910,2
1249,20.425,30.829,-9.008,2
1250,21.225,30.829,-9.082,2
1251,22.025,30.829,-9.143,2
1252,22.825,30.829,-9.173,2
1253,23.625,30.829,-9.170,2
1254,24.425,30.829,-9.174,2
1255,25.225,30.829,-9.228,2
1256,26.025,30.829,-9.274,2
1257,26.825,30.829,-9.301,2
1258,27.625,30.829,-9.346,4
1259,28.425,30.829,-9.350,4
1260,29.225,30.829,-9.415,4
1261,30.025,30.829,-9.462,4
1262,46.825,30.829,-9.455,7
1263,47.625,30.829,-9.412,7
1264,48.425,30.829,-9.378,7
1265,49.225,30.829,-9.344,7
1266,50.025,30.829,-9.308,7
1267,50.825,30.829,-9.279,7
1268,51.625,30.829,-9.253,7
1269,52.425,30.829,-9.218,7
1270,53.225,30.829,-9.172,9
1271,54.025,30.829,-9.134,9
1272,54.825,30.829,-9.078,9
1273,55.625,30.829,-9.043,9
1274,56.425,30.829,-9.024,9
1275,57.225,30.829,-8.934,9
1276,58.025,30.829,-8.945,9
1277,58.825,30.829,-9.005,9
1278,59.625,30.829,-8.995,9
1279,60.425,30.829,-9.013,9
1280,61.225,30.829,-9.013,9
1281,62.025,30.829,-9.019,9
1282,62.825,30.829,-9.008,9
1283,63.625,30.829,-8.981,9
1284,64.425,30.829,-8.898,9
1285,65.225,30.829,-8.887,9
1286,66.025,30.829,-8.854,9
1287,66.825,30.829,-8.822,9
1288,67.625,30.829,-8.786,9
1289,68.425,30.829,-8.752,9
1290,69.225,30.829,-8.730,9
1291,70.025,30.829,-8.699,9
1292,70.825,30.829,-8.653,11
1293,71.625,30.829,-8.602,11
1294,72.425,30.829,-8.567,11
1295,73.225,30.829,-8.565,11
1296,74.025,30.829,-8.568,11
1297,74.825,30.829,-8.555,11
1298,75.625,30.829,-8.524,11
1299,76.425,30.829,-8.472,11
1300,77.225,30.829,-8.409,11
1301,78.025,30.829,-8.385,11
1302,78.825,30.829,-8.371,11
1303,79.625,30.829,-8.352,11
1304,80.425,30.829,-8.376,11
1305,81.225,30.829,-8.385,11
1306,82.025,30.829,-8.382,11
1307,82.825,30.829,-8.378,11
1308,83.625,30.829,-8.354,11
1309,84.425,30.829,-8.334,11
1310,85.225,30.829,-8.333,11
1311,86.025,30.829,-8.336,11
1312,86.825,30.829,-8.317,11
1313,87.625,30.829,-8.269,11
1314,89.225,30.829,-8.182,11
1315,90.025,30.829,-8.157,11
1316,90.825,30.829,-8.136,11
1317,5.625,31.629,-8.165,1
1318,6.425,31.629,-8.249,1
1319,7.225,31.629,-8.324,1
1320,8.025,31.629,-8.405,1
1321,8.825,31.629,-8.417,1
1322,9.625,31.629,-8.435,1
1323,10.425,31.629,-8.483,1
1324,11.225,31.629,-8.515,1
1325,12.025,31.629,-8.526,1
1326,12.825,31.629,-8.546,1
1327,13.625,31.629,-8.563,1
1328,14.425,31.629,-8.564,1
1329,15.225,31.629,-8.567,1
1330,16.025,31.629,-8.591,1
1331,16.825,31.629,-8.617,1
1332,17.625,31.629,-8.620,1
1333,18.425,31.629,-8.640,2
1334,19.225,31.629,-8.646,2
1335,20.025,31.629,-8.640,2
1336,20.825,31.629,-8.751,2
1337,21.625,31.629,-8.861,2
1338,22.425,31.629,-8.978,2
1339,23.225,31.629,-9.032,2
1340,24.025,31.629,-9.064,2
1341,24.825,31.629,-9.099,2
1342,25.625,31.629,-9.149,2
1343,26.425,31.629,-9.175,2
1344,27.225,31.629,-9.187,4
1345,28.025,31.629,-9.206,4
1346,28.825,31.629,-9.231,4
1347,29.625,31.629,-9.254,4
1348,30.425,31.629,-9.277,4
1349,31.225,31.629,-9.325,4
1350,32.025,31.629,-9.382,4
1351,32.825,31.629,-9.476,4
1352,33.625,31.629,-9.498,4
1353,51.225,31.629,-9.518,7
1354,52.025,31.629,-9.500,9
1355,52.825,31.629,-9.470,9
1356,53.625,31.629,-9.424,9
1357,54.425,31.629,-9.363,9
1358,55.225,31.629,-9.197,9
1359,56.025,31.629,-9.245,9
1360,56.825,31.629,-9.153,9
1361,57.625,31.629,-9.063,9
1362,58.425,31.629,-9.147,9
1363,59.225,31.629,-9.154,9
1364,60.025,31.629,-9.145,9
1365,60.825,31.629,-9.148,9
1366,61.625,31.629,-9.154,9
1367,62.425,31.629,-9.154,9
1368,63.225,31.629,-9.159,9
1369,64.025,31.629,-9.110,9
1370,64.825,31.629,-9.065,9
1371,65.625,31.629,-9.052,9
1372,66.425,31.629,-9.030,9
1373,67.225,31.629,-9.007,9
1374,68.025,31.629,-8.964,9
1375,68.825,31.629,-8.935,9
1376,69.625,31.629,-8.911,11
1377,70.425,31.629,-8.872,11
1378,71.225,31.629,-8.826,11
1379,72.025,31.629,-8.789,11
1380,72.825,31.629,-8.765,11
1381,73.625,31.629,-8.746,11
1382,74.425,31.629,-8.720,11
1383,75.225,31.629,-8.685,11
1384,76.025,31.629,-8.642,11
1385,76.825,31.629,-8.581,11
1386,77.625,31.629,-8.513,11
1387,78.425,31.629,-8.493,11
1388,79.225,31.629,-8.497,11
1389,80.025,31.629,-8.508,11
1390,80.825,31.629,-8.512,11
1391,81.625,31.629,-8.499,11
1392,82.425,31.629,-8.504,11
1393,83.225,31.629,-8.488,11
1394,84.025,31.629,-8.442,11
1395,84.825,31.629,-8.418,11
1396,85.625,31.629,-8.416,11
1397,86.425,31.629,-8.390,11
1398,87.225,31.629,-8.329,11
1399,88.025,31.629,-8.260,11
1400,88.825,31.629,-8.217,11
1401,89.625,31.629,-8.192,11
1402,90.425,31.629,-8.163,11
1403,91.225,31.629,-8.132,11
1404,92.025,31.629,-8.103,11
1405,6.025,32.429,-8.118,1
1406,6.825,32.429,-8.091,1
1407,7.625,32.429,-8.165,1
1408,8.425,32.429,-8.269,1
1409,9.225,32.429,-8.280,1
1410,10.025,32.429,-8.329,1
1411,10.825,32.429,-8.380,1
1412,11.625,32.429,-8.403,1
1413,12.425,32.429,-8.393,1
1414,13.225,32.429,-8.373,1
1415,14.025,32.429,-8.380,1
1416,14.825,32.429,-8.389,1
1417,15.625,32.429,-8.386,1
1418,16.425,32.429,-8.411,1
1419,17.225,32.429,-8.437,1
1420,18.025,32.429,-8.454,1
1421,18.825,32.429,-8.439,2
1422,19.625,32.429,-8.358,2
1423,20.425,32.429,-8.398,2
1424,21.225,32.429,-8.459,2
1425,22.025,32.429,-8.577,2
1426,22.825,32.429,-8.702,2
1427,23.625,32.429,-8.798,2
1428,24.425,32.429,-8.890,2
1429,25.225,32.429,-8.924,2
1430,26.025,32.429,-8.988,2
1431,26.825,32.429,-9.030,2
1432,27.625,32.429,-9.066,4
1433,28.425,32.429,-9.085,4
1434,29.225,32.429,-9.121,4
1435,30.025,32.429,-9.156,4
1436,30.825,32.429,-9.166,4
1437,31.625,32.429,-9.193,4
1438,32.425,32.429,-9.202,4
1439,33.225,32.429,-9.226,4
1440,34.025,32.429,-9.243,4
1441,34.825,32.429,-9.286,4
1442,35.625,32.429,-9.348,4
1443,36.425,32.429,-9.405,4
1444,37.225,32.429,-9.493,4
1445,38.025,32.429,-9.544,4
1446,56.425,32.429,-9.646,9
1447,57.225,32.429,-9.575,9
1448,58.025,32.429,-9.511,9
1449,58.825,32.429,-9.449,9
1450,59.625,32.429,-9.389,9
1451,60.425,32.429,-9.305,9
1452,61.225,32.429,-9.330,9
1453,62.025,32.429,-9.297,9
1454,62.825,32.429,-9.318,9
1455,63.625,32.429,-9.298,9
1456,64.425,32.429,-9.259,9
1457,65.225,32.429,-9.227,9
1458,66.025,32.429,-9.244,9
1459,66.825,32.429,-9.227,9
1460,67.625,32.429,-9.186,9
1461,68.425,32.429,-9.147,11
1462,69.225,32.429,-9.121,11
1463,70.025,32.429,-9.086,11
1464,70.825,32.429,-9.041,11
1465,71.625,32.429,-8.995,11
1466,72.425,32.429,-8.960,11
1467,73.225,32.429,-8.934,11
1468,74.025,32.429,-8.901,11
1469,74.825,32.429,-8.861,11
1470,75.625,32.429,-8.827,11
1471,76.425,32.429,-8.776,11
1472,77.225,32.429,-8.689,11
1473,78.025,32.429,-8.645,11
1474,78.825,32.429,-8.659,11
1475,79.625,32.429,-8.656,11
1476,80.425,32.429,-8.677,11
1477,81.225,32.429,-8.700,11
1478,82.025,32.429,-8.691,11
1479,82.825,32.429,-8.679,11
1480,83.625,32.429,-8.640,11
1481,84.425,32.429,-8.602,11
1482,85.225,32.429,-8.588,11
1483,86.025,32.429,-8.561,11
1484,86.825,32.429,-8.493,11
1485,87.625,32.429,-8.406,11
1486,88.425,32.429,-8.341,11
1487,89.225,32.429,-8.311,11
1488,90.025,32.429,-8.283,11
1489,90.825,32.429,-8.242,11
1490,91.625,32.429,-8.197,11
1491,92.425,32.429,-8.147,11
1492,5.625,33.229,-8.032,1
1493,6.425,33.229,-8.055,1
1494,7.225,33.229,-8.071,1
1495,8.025,33.229,-8.146,1
1496,8.825,33.229,-8.180,1
1497,9.625,33.229,-8.202,1
1498,10.425,33.229,-8.244,1
1499,11.225,33.229,-8.278,1
1500,12.025,33.229,-8.268,1
1501,13.625,33.229,-8.174,1
1502,14.425,33.229,-8.210,1
1503,15.225,33.229,-8.224,1
1504,16.025,33.229,-8.225,1
1505,16.825,33.229,-8.238,1
1506,18.425,33.229,-8.217,2
1507,19.225,33.229,-8.180,2
1508,20.825,33.229,-8.288,2
1509,21.625,33.229,-8.361,2
1510,22.425,33.229,-8.470,2
1511,23.225,33.229,-8.515,2
1512,24.025,33.229,-8.523,2
1513,25.625,33.229,-8.584,2
1514,26.425,33.229,-8.544,2
1515,27.225,33.229,-8.669,4
1516,28.825,33.229,-8.834,4
1517,29.625,33.229,-8.916,4
1518,30.425,33.229,-8.979,4
1519,31.225,33.229,-8.998,4
1520,32.025,33.229,-9.002,4
1521,32.825,33.229,-9.017,4
1522,33.625,33.229,-9.050,4
1523,34.425,33.229,-9.099,4
1524,35.225,33.229,-9.159,4
1525,36.025,33.229,-9.212,4
1526,36.825,33.229,-9.261,4
1527,37.625,33.229,-9.318,4
1528,38.425,33.229,-9.373,4
1529,39.225,33.229,-9.433,4
1530,40.025,33.229,-9.449,6
1531,40.825,33.229,-9.495,6
1532,41.625,33.229,-9.539,6
1533,42.425,33.229,-9.568,6
1534,60.825,33.229,-9.663,9
1535,61.625,33.229,-9.626,9
1536,62.425,33.229,-9.614,9
1537,63.225,33.229,-9.609,9
1538,64.025,33.229,-9.533,9
1539,64.825,33.229,-9.443,9
1540,65.625,33.229,-9.461,9
1541,66.425,33.229,-9.393,9
1542,67.225,33.229,-9.372,11
1543,68.025,33.229,-9.348,11
1544,68.825,33.229,-9.319,11
1545,69.625,33.229,-9.280,11
1546,70.425,33.229,-9.243,11
1547,71.225,33.229,-9.202,11
1548,72.025,33.229,-9.154,11
1549,72.825,33.229,-9.118,11
1550,73.625,33.229,-9.095,11
1551,74.425,33.229,-9.058,11
1552,75.225,33.229,-9.016,11
1553,76.025,33.229,-8.977,11
1554,76.825,33.229,-8.924,11
1555,77.625,33.229,-8.874,11
1556,78.425,33.229,-8.855,11
1557,79.225,33.229,-8.818,11
1558,80.025,33.229,-8.807,11
1559,80.825,33.229,-8.874,11
1560,81.625,33.229,-8.913,11
1561,82.425,33.229,-8.897,11
1562,83.225,33.229,-8.868,11
1563,84.025,33.229,-8.838,11
1564,84.825,33.229,-8.819,11
1565,85.625,33.229,-8.795,11
1566,86.425,33.229,-8.738,11
1567,87.225,33.229,-8.646,11
1568,88.025,33.229,-8.560,11
1569,88.825,33.229,-8.511,11
1570,89.625,33.229,-8.480,11
1571,90.425,33.229,-8.444,11
1572,91.225,33.229,-8.396,11
1573,92.025,33.229,-8.338,11
1574,6.025,34.029,-8.031,1
1575,6.825,34.029,-8.063,1
1576,7.625,34.029,-8.100,1
1577,8.425,34.029,-8.131,1
1578,9.225,34.029,-8.145,1
1579,10.025,34.029,-8.156,1
1580,10.825,34.029,-8.176,1
1581,12.425,34.029,-8.164,1
1582,13.225,34.029,-8.118,1
1583,14.025,34.029,-8.101,1
1584,14.825,34.029,-8.103,1
1585,15.625,34.029,-8.093,1
1586,16.425,34.029,-8.088,1
1587,17.225,34.029,-8.079,1
1588,18.025,34.029,-8.065,1
1589,18.825,34.029,-8.074,2
1590,19.625,34.029,-8.103,2
1591,20.425,34.029,-8.196,2
1592,21.225,34.029,-8.264,2
1593,22.025,34.029,-8.298,2
1594,22.825,34.029,-8.332,2
1595,23.625,34.029,-8.366,2
1596,24.425,34.029,-8.382,2
1597,25.225,34.029,-8.398,2
1598,26.025,34.029,-8.413,2
1599,27.625,34.029,-8.526,4
1600,28.425,34.029,-8.585,4
1601,29.225,34.029,-8.655,4
1602,30.025,34.029,-8.723,4
1603,30.825,34.029,-8.768,4
1604,31.625,34.029,-8.796,4
1605,32.425,34.029,-8.828,4
1606,33.225,34.029,-8.861,4
1607,34.025,34.029,-8.933,4
1608,34.825,34.029,-9.016,4
1609,35.625,34.029,-9.081,4
1610,36.425,34.029,-9.121,4
1611,37.225,34.029,-9.134,4
1612,38.025,34.029,-9.215,4
1613,38.825,34.029,-9.218,4
1614,39.625,34.029,-9.211,4
1615,40.425,34.029,-9.281,6
1616,41.225,34.029,-9.290,6
1617,42.025,34.029,-9.330,6
1618,42.825,34.029,-9.363,6
1619,43.625,34.029,-9.379,6
1620,44.425,34.029,-9.300,6
1621,45.225,34.029,-9.272,6
1622,46.025,34.029,-9.396,6
1623,46.825,34.029,-9.526,6
1624,66.025,34.029,-9.671,11
1625,66.825,34.029,-9.588,11
1626,67.625,34.029,-9.550,11
1627,68.425,34.029,-9.605,11
1628,69.225,34.029,-9.556,11
1629,70.025,34.029,-9.502,11
1630,70.825,34.029,-9.461,11
1631,71.625,34.029,-9.412,11
1632,72.425,34.029,-9.361,11
1633,73.225,34.029,-9.330,11
1634,74.025,34.029,-9.296,11
1635,74.825,34.029,-9.251,11
1636,75.625,34.029,-9.194,11
1637,76.425,34.029,-9.139,11
1638,77.225,34.029,-9.096,11
1639,78.025,34.029,-9.052,11
1640,78.825,34.029,-8.969,11
1641,79.625,34.029,-8.920,11
1642,81.225,34.029,-9.054,11
1643,82.025,34.029,-9.060,11
1644,82.825,34.029,-9.039,11
1645,83.625,34.029,-9.020,11
1646,84.425,34.029,-9.009,11
1647,85.225,34.029,-8.996,11
1648,86.025,34.029,-8.967,11
1649,86.825,34.029,-8.905,11
1650,87.625,34.029,-8.823,11
1651,88.425,34.029,-8.759,11
1652,90.025,34.029,-8.688,11
1653,90.825,34.029,-8.648,11
1654,91.625,34.029,-8.598,11
1655,92.425,34.029,-8.541,11
1656,93.225,34.029,-8.482,11
1657,6.425,34.829,-8.020,1
1658,7.225,34.829,-8.056,1
1659,8.025,34.829,-8.092,1
1660,8.825,34.829,-8.107,1
1661,9.625,34.829,-8.106,1
1662,10.425,34.829,-8.107,1
1663,11.225,34.829,-8.108,1
1664,12.025,34.829,-8.100,1
1665,12.825,34.829,-8.073,1
1666,13.625,34.829,-8.042,1
1667,14.425,34.829,-8.031,1
1668,15.225,34.829,-8.021,1
1669,16.025,34.829,-7.997,1
1670,16.825,34.829,-7.963,1
1671,17.625,34.829,-7.946,1
1672,18.425,34.829,-7.973,2
1673,19.225,34.829,-8.020,2
1674,20.025,34.829,-8.091,2
1675,20.825,34.829,-8.151,2
1676,21.625,34.829,-8.175,2
1677,22.425,34.829,-8.194,2
1678,23.225,34.829,-8.223,2
1679,24.025,34.829,-8.243,2
1680,24.825,34.829,-8.263,2
1681,25.625,34.829,-8.309,2
1682,26.425,34.829,-8.364,2
1683,27.225,34.829,-8.435,4
1684,28.025,34.829,-8.493,4
1685,28.825,34.829,-8.512,4
1686,29.625,34.829,-8.520,4
1687,30.425,34.829,-8.537,4
1688,31.225,34.829,-8.534,4
1689,32.025,34.829,-8.576,4
1690,32.825,34.829,-8.665,4
1691,33.625,34.829,-8.783,4
1692,34.425,34.829,-8.896,4
1693,35.225,34.829,-8.940,4
1694,36.025,34.829,-8.961,4
1695,36.825,34.829,-8.970,4
1696,37.625,34.829,-9.042,4
1697,38.425,34.829,-9.050,4
1698,39.225,34.829,-9.034,4
1699,40.025,34.829,-9.123,6
1700,40.825,34.829,-9.165,6
1701,41.625,34.829,-9.183,6
1702,42.425,34.829,-9.191,6
1703,43.225,34.829,-9.214,6
1704,44.025,34.829,-9.240,6
1705,44.825,34.829,-9.271,6
1706,45.625,34.829,-9.304,6
1707,46.425,34.829,-9.329,6
1708,47.225,34.829,-9.348,6
1709,48.025,34.829,-9.393,6
1710,48.825,34.829,-9.425,6
1711,49.625,34.829,-9.452,8
1712,50.425,34.829,-9.492,8
1713,51.225,34.829,-9.525,8
1714,71.225,34.829,-9.657,11
1715,72.025,34.829,-9.631,11
1716,72.825,34.829,-9.606,11
1717,73.625,34.829,-9.580,11
1718,74.425,34.829,-9.548,11
1719,75.225,34.829,-9.502,11
1720,76.025,34.829,-9.459,11
1721,76.825,34.829,-9.416,11
1722,77.625,34.829,-9.375,11
1723,78.425,34.829,-9.318,11
1724,79.225,34.829,-9.256,11
1725,80.025,34.829,-9.229,11
1726,80.825,34.829,-9.267,11
1727,81.625,34.829,-9.243,11
1728,82.425,34.829,-9.225,11
1729,83.225,34.829,-9.217,11
1730,84.025,34.829,-9.200,11
1731,84.825,34.829,-9.182,11
1732,85.625,34.829,-9.157,11
1733,86.425,34.829,-9.119,11
1734,87.225,34.829,-9.064,11
1735,88.825,34.829,-8.993,11
1736,89.625,34.829,-8.972,11
1737,90.425,34.829,-8.935,11
1738,91.225,34.829,-8.884,11
1739,92.025,34.829,-8.833,11
1740,92.825,34.829,-8.781,11
1741,93.625,34.829,-8.724,11
1742,6.825,35.629,-7.988,1
1743,7.625,35.629,-8.033,1
1744,8.425,35.629,-8.061,1
1745,9.225,35.629,-8.065,1
1746,10.025,35.629,-8.060,1
1747,10.825,35.629,-8.055,1
1748,11.625,35.629,-8.042,1
1749,12.425,35.629,-8.013,1
1750,13.225,35.629,-7.971,1
1751,14.025,35.629,-7.949,1
1752,14.825,35.629,-7.956,1
1753,15.625,35.629,-7.951,1
1754,16.425,35.629,-7.927,1
1755,17.225,35.629,-7.906,1
1756,18.025,35.629,-7.928,1
1757,18.825,35.629,-7.979,2
1758,19.625,35.629,-8.024,2
1759,20.425,35.629,-8.056,2
1760,21.225,35.629,-8.076,2
1761,22.025,35.629,-8.088,2
1762,22.825,35.629,-8.102,2
1763,23.625,35.629,-8.118,2
1764,24.425,35.629,-8.134,2
1765,25.225,35.629,-8.168,2
1766,26.025,35.629,-8.244,2
1767,26.825,35.629,-8.382,2
1768,27.625,35.629,-8.521,4
1769,28.425,35.629,-8.510,4
1770,29.225,35.629,-8.399,4
1771,30.025,35.629,-8.380,4
1772,30.825,35.629,-8.388,4
1773,31.625,35.629,-8.417,4
1774,32.425,35.629,-8.473,4
1775,33.225,35.629,-8.538,4
1776,34.025,35.629,-8.657,4
1777,34.825,35.629,-8.728,4
1778,35.625,35.629,-8.770,4
1779,36.425,35.629,-8.796,4
1780,37.225,35.629,-8.854,4
1781,38.025,35.629,-8.922,4
1782,38.825,35.629,-8.950,4
1783,39.625,35.629,-9.007,6
1784,40.425,35.629,-9.073,6
1785,41.225,35.629,-9.085,6
1786,42.025,35.629,-9.053,6
1787,42.825,35.629,-9.058,6
1788,43.625,35.629,-9.104,6
1789,44.425,35.629,-9.126,6
1790,45.225,35.629,-9.154,6
1791,46.025,35.629,-9.180,6
1792,46.825,35.629,-9.205,6
1793,47.625,35.629,-9.239,6
1794,48.425,35.629,-9.248,6
1795,49.225,35.629,-9.242,8
1796,50.025,35.629,-9.276,8
1797,50.825,35.629,-9.307,8
1798,51.625,35.629,-9.337,8
1799,52.425,35.629,-9.377,8
1800,53.225,35.629,-9.392,8
1801,54.025,35.629,-9.402,8
1802,54.825,35.629,-9.429,8
1803,55.625,35.629,-9.475,8
1804,56.425,35.629,-9.523,8
1805,77.225,35.629,-9.658,11
1806,78.025,35.629,-9.645,11
1807,78.825,35.629,-9.616,11
1808,79.625,35.629,-9.576,11
1809,80.425,35.629,-9.549,11
1810,81.225,35.629,-9.527,11
1811,82.025,35.629,-9.485,11
1812,82.825,35.629,-9.463,11
1813,83.625,35.629,-9.454,11
1814,84.425,35.629,-9.439,11
1815,85.225,35.629,-9.404,11
1816,86.025,35.629,-9.354,11
1817,86.825,35.629,-9.300,11
1818,87.625,35.629,-9.251,11
1819,88.425,35.629,-9.242,11
1820,89.225,35.629,-9.264,11
1821,90.025,35.629,-9.254,11
1822,90.825,35.629,-9.210,11
1823,91.625,35.629,-9.159,11
1824,92.425,35.629,-9.111,11
1825,93.225,35.629,-9.048,11
1826,94.025,35.629,-8.971,11
1827,6.425,36.429,-7.896,1
1828,7.225,36.429,-7.966,1
1829,8.025,36.429,-8.006,1
1830,8.825,36.429,-8.019,1
1831,9.625,36.429,-8.018,1
1832,10.425,36.429,-8.014,1
1833,11.225,36.429,-8.004,1
1834,12.025,36.429,-7.980,1
1835,12.825,36.429,-7.934,1
1836,14.425,36.429,-7.891,1
1837,15.225,36.429,-7.915,1
1838,16.025,36.429,-7.922,1
1839,16.825,36.429,-7.922,1
1840,17.625,36.429,-7.932,1
1841,18.425,36.429,-7.953,2
1842,19.225,36.429,-7.972,2
1843,20.025,36.429,-7.988,2
1844,20.825,36.429,-7.998,2
1845,21.625,36.429,-8.003,2
1846,22.425,36.429,-8.009,2
1847,23.225,36.429,-8.023,2
1848,24.025,36.429,-8.031,2
1849,24.825,36.429,-8.041,2
1850,25.625,36.429,-8.087,2
1851,26.425,36.429,-8.179,2
1852,27.225,36.429,-8.293,4
1853,28.025,36.429,-8.346,4
1854,28.825,36.429,-8.288,4
1855,29.625,36.429,-8.246,4
1856,30.425,36.429,-8.257,4
1857,31.225,36.429,-8.274,4
1858,32.025,36.429,-8.298,4
1859,32.825,36.429,-8.321,4
1860,33.625,36.429,-8.377,4
1861,34.425,36.429,-8.452,4
1862,35.225,36.429,-8.520,4
1863,36.025,36.429,-8.592,4
1864,36.825,36.429,-8.627,4
1865,37.625,36.429,-8.677,4
1866,38.425,36.429,-8.694,4
1867,39.225,36.429,-8.732,6
1868,40.025,36.429,-8.861,6
1869,40.825,36.429,-8.921,6
1870,41.625,36.429,-8.927,6
1871,42.425,36.429,-8.916,6
1872,43.225,36.429,-8.945,6
1873,44.025,36.429,-8.974,6
1874,44.825,36.429,-8.977,6
1875,45.625,36.429,-8.979,6
1876,46.425,36.429,-8.995,6
1877,47.225,36.429,-9.045,6
1878,48.025,36.429,-9.091,6
1879,48.825,36.429,-9.072,8
1880,49.625,36.429,-9.086,8
1881,50.425,36.429,-9.167,8
1882,51.225,36.429,-9.186,8
1883,52.025,36.429,-9.163,8
1884,52.825,36.429,-9.190,8
1885,53.625,36.429,-9.193,8
1886,54.425,36.429,-9.203,8
1887,55.225,36.429,-9.233,8
1888,56.025,36.429,-9.262,8
1889,56.825,36.429,-9.263,8
1890,57.625,36.429,-9.255,8
1891,58.425,36.429,-9.269,8
1892,59.225,36.429,-9.312,8
1893,60.025,36.429,-9.358,8
1894,60.825,36.429,-9.410,8
1895,88.825,36.429,-9.510,11
1896,89.625,36.429,-9.532,11
1897,90.425,36.429,-9.533,11
1898,91.225,36.429,-9.506,11
1899,92.025,36.429,-9.468,11
1900,92.825,36.429,-9.406,11
1901,93.625,36.429,-9.316,11
1902,94.425,36.429,-9.182,11
1903,6.825,37.229,-7.869,1
1904,7.625,37.229,-7.940,1
1905,8.425,37.229,-7.977,1
1906,9.225,37.229,-7.987,1
1907,10.025,37.229,-7.984,1
1908,10.825,37.229,-7.976,1
1909,11.625,37.229,-7.960,1
1910,12.425,37.229,-7.932,1
1911,13.225,37.229,-7.898,1
1912,14.025,37.229,-7.888,1
1913,14.825,37.229,-7.907,1
1914,15.625,37.229,-7.923,1
1915,16.425,37.229,-7.929,1
1916,17.225,37.229,-7.934,1
1917,18.025,37.229,-7.937,1
1918,18.825,37.229,-7.940,2
1919,19.625,37.229,-7.945,2
1920,20.425,37.229,-7.949,2
1921,21.225,37.229,-7.947,2
1922,22.825,37.229,-7.952,2
1923,23.625,37.229,-7.967,2
1924,24.425,37.229,-7.974,2
1925,25.225,37.229,-7.993,2
1926,26.025,37.229,-8.039,2
1927,26.825,37.229,-8.082,2
1928,27.625,37.229,-8.104,4
1929,28.425,37.229,-8.110,4
1930,29.225,37.229,-8.124,4
1931,30.025,37.229,-8.140,4
1932,30.825,37.229,-8.147,4
1933,31.625,37.229,-8.147,4
1934,32.425,37.229,-8.150,4
1935,33.225,37.229,-8.164,4
1936,34.025,37.229,-8.197,4
1937,34.825,37.229,-8.253,4
1938,35.625,37.229,-8.330,4
1939,36.425,37.229,-8.384,4
1940,37.225,37.229,-8.418,4
1941,38.025,37.229,-8.457,4
1942,38.825,37.229,-8.497,6
1943,39.625,37.229,-8.595,6
1944,40.425,37.229,-8.693,6
1945,41.225,37.229,-8.741,6
1946,42.025,37.229,-8.746,6
1947,42.825,37.229,-8.761,6
1948,43.625,37.229,-8.790,6
1949,44.425,37.229,-8.796,6
1950,45.225,37.229,-8.783,6
1951,46.025,37.229,-8.739,6
1952,46.825,37.229,-8.664,6
1953,47.625,37.229,-8.721,6
1954,48.425,37.229,-8.867,6
1955,49.225,37.229,-8.924,8
1956,50.025,37.229,-8.999,8
1957,50.825,37.229,-9.045,8
1958,51.625,37.229,-9.006,8
1959,52.425,37.229,-9.014,8
1960,53.225,37.229,-9.073,8
1961,54.025,37.229,-9.069,8
1962,54.825,37.229,-9.017,8
1963,55.625,37.229,-9.042,8
1964,56.425,37.229,-9.076,8
1965,57.225,37.229,-9.049,8
1966,58.025,37.229,-9.017,8
1967,58.825,37.229,-9.049,8
1968,59.625,37.229,-9.114,8
1969,60.425,37.229,-9.131,8
1970,61.225,37.229,-9.124,8
1971,62.025,37.229,-9.152,8
1972,62.825,37.229,-9.197,8
1973,63.625,37.229,-9.234,10
1974,64.425,37.229,-9.263,10
1975,65.225,37.229,-9.322,10
1976,66.025,37.229,-9.386,10
1977,7.225,38.029,-7.826,1
1978,8.025,38.029,-7.896,1
1979,8.825,38.029,-7.944,1
1980,9.625,38.029,-7.961,1
1981,10.425,38.029,-7.955,1
1982,11.225,38.029,-7.938,1
1983,12.025,38.029,-7.917,1
1984,13.625,38.029,-7.896,1
1985,14.425,38.029,-7.911,1
1986,15.225,38.029,-7.926,1
1987,16.025,38.029,-7.930,1
1988,16.825,38.029,-7.930,1
1989,17.625,38.029,-7.928,1
1990,18.425,38.029,-7.925,2
1991,19.225,38.029,-7.925,2
1992,20.025,38.029,-7.926,2
1993,20.825,38.029,-7.925,2
1994,21.625,38.029,-7.923,2
1995,22.425,38.029,-7.927,2
1996,23.225,38.029,-7.941,2
1997,24.025,38.029,-7.957,2
1998,24.825,38.029,-7.972,2
1999,25.625,38.029,-7.995,2
2000,26.425,38.029,-8.017,2
2001,27.225,38.029,-8.025,4
2002,28.025,38.029,-8.026,4
2003,28.825,38.029,-8.037,4
2004,29.625,38.029,-8.050,4
2005,30.425,38.029,-8.048,4
2006,31.225,38.029,-8.029,4
2007,32.025,38.029,-8.018,4
2008,32.825,38.029,-8.026,4
2009,33.625,38.029,-8.036,4
2010,34.425,38.029,-8.052,4
2011,35.225,38.029,-8.097,4
2012,36.025,38.029,-8.152,4
2013,36.825,38.029,-8.181,4
2014,37.625,38.029,-8.204,4
2015,38.425,38.029,-8.264,6
2016,39.225,38.029,-8.350,6
2017,40.025,38.029,-8.446,6
2018,40.825,38.029,-8.523,6
2019,41.625,38.029,-8.564,6
2020,42.425,38.029,-8.582,6
2021,43.225,38.029,-8.601,6
2022,44.025,38.029,-8.608,6
2023,44.825,38.029,-8.602,6
2024,45.625,38.029,-8.569,6
2025,46.425,38.029,-8.465,6
2026,48.025,38.029,-8.543,6
2027,50.425,38.029,-8.857,8
2028,51.225,38.029,-8.879,8
2029,52.025,38.029,-8.881,8
2030,52.825,38.029,-8.922,8
2031,53.625,38.029,-8.936,8
2032,54.425,38.029,-8.886,8
2033,55.225,38.029,-8.873,8
2034,56.025,38.029,-8.935,8
2035,56.825,38.029,-8.945,8
2036,57.625,38.029,-8.899,8
2037,58.425,38.029,-8.863,8
2038,59.225,38.029,-8.912,8
2039,60.025,38.029,-8.971,8
2040,60.825,38.029,-8.975,8
2041,61.625,38.029,-8.944,8
2042,62.425,38.029,-8.939,8
2043,63.225,38.029,-8.938,10
2044,64.025,38.029,-8.938,10
2045,64.825,38.029,-8.991,10
2046,65.625,38.029,-9.040,10
2047,66.425,38.029,-9.092,10
2048,67.225,38.029,-9.153,10
2049,68.025,38.029,-9.214,10
2050,68.825,38.029,-9.283,10
2051,69.625,38.029,-9.323,10
2052,70.425,38.029,-9.358,10
2053,71.225,38.029,-9.394,10
2054,72.025,38.029,-9.448,10
2055,8.425,38.829,-7.846,1
2056,9.225,38.829,-7.895,1
2057,10.025,38.829,-7.908,1
2058,10.825,38.829,-7.899,1
2059,11.625,38.829,-7.890,1
2060,14.025,38.829,-7.902,1
2061,14.825,38.829,-7.919,1
2062,15.625,38.829,-7.926,1
2063,16.425,38.829,-7.926,1
2064,17.225,38.829,-7.923,1
2065,18.025,38.829,-7.922,1
2066,18.825,38.829,-7.921,2
2067,19.625,38.829,-7.923,2
2068,20.425,38.829,-7.925,2
2069,21.225,38.829,-7.926,2
2070,22.025,38.829,-7.930,2
2071,22.825,38.829,-7.942,2
2072,23.625,38.829,-7.959,2
2073,24.425,38.829,-7.976,2
2074,25.225,38.829,-7.993,2
2075,26.025,38.829,-8.007,2
2076,26.825,38.829,-8.010,2
2077,27.625,38.829,-8.000,4
2078,28.425,38.829,-7.986,4
2079,29.225,38.829,-7.980,4
2080,30.025,38.829,-7.977,4
2081,30.825,38.829,-7.961,4
2082,31.625,38.829,-7.940,4
2083,32.425,38.829,-7.940,4
2084,33.225,38.829,-7.948,4
2085,34.025,38.829,-7.939,4
2086,34.825,38.829,-7.938,4
2087,35.625,38.829,-7.974,4
2088,36.425,38.829,-8.014,4
2089,37.225,38.829,-8.030,4
2090,38.025,38.829,-8.065,6
2091,38.825,38.829,-8.144,6
2092,39.625,38.829,-8.231,6
2093,40.425,38.829,-8.307,6
2094,41.225,38.829,-8.368,6
2095,42.025,38.829,-8.410,6
2096,42.825,38.829,-8.433,6
2097,43.625,38.829,-8.441,6
2098,44.425,38.829,-8.441,6
2099,45.225,38.829,-8.440,6
2100,46.025,38.829,-8.419,6
2101,46.825,38.829,-8.383,6
2102,47.625,38.829,-8.410,6
2103,48.425,38.829,-8.485,8
2104,49.225,38.829,-8.534,8
2105,50.025,38.829,-8.602,8
2106,50.825,38.829,-8.670,8
2107,51.625,38.829,-8.704,8
2108,52.425,38.829,-8.729,8
2109,53.225,38.829,-8.752,8
2110,54.025,38.829,-8.755,8
2111,54.825,38.829,-8.760,8
2112,55.625,38.829,-8.787,8
2113,56.425,38.829,-8.799,8
2114,57.225,38.829,-8.811,8
2115,58.025,38.829,-8.803,8
2116,58.825,38.829,-8.813,8
2117,59.625,38.829,-8.833,8
2118,60.425,38.829,-8.845,8
2119,61.225,38.829,-8.841,8
2120,62.025,38.829,-8.808,8
2121,62.825,38.829,-8.747,10
2122,63.625,38.829,-8.704,10
2123,64.425,38.829,-8.725,10
2124,65.225,38.829,-8.794,10
2125,66.025,38.829,-8.864,10
2126,66.825,38.829,-8.914,10
2127,67.625,38.829,-8.964,10
2128,68.425,38.829,-9.026,10
2129,69.225,38.829,-9.052,10
2130,70.025,38.829,-9.055,10
2131,70.825,38.829,-9.091,10
2132,71.625,38.829,-9.144,10
2133,72.425,38.829,-9.196,10
2134,73.225,38.829,-9.253,10
2135,74.025,38.829,-9.295,10
2136,74.825,38.829,-9.323,10
2137,75.625,38.829,-9.346,10
2138,76.425,38.829,-9.376,10
2139,77.225,38.829,-9.407,10
2140,78.025,38.829,-9.437,10
2141,9.625,39.629,-7.802,1
2142,10.425,39.629,-7.792,1
2143,11.225,39.629,-7.805,1
2144,12.025,39.629,-7.836,1
2145,12.825,39.629,-7.868,1
2146,13.625,39.629,-7.891,1
2147,14.425,39.629,-7.908,1
2148,15.225,39.629,-7.917,1
2149,16.025,39.629,-7.921,1
2150,16.825,39.629,-7.921,1
2151,17.625,39.629,-7.922,1
2152,18.425,39.629,-7.926,2
2153,19.225,39.629,-7.931,2
2154,20.025,39.629,-7.937,2
2155,20.825,39.629,-7.941,2
2156,21.625,39.629,-7.944,2
2157,22.425,39.629,-7.952,2
2158,23.225,39.629,-7.966,2
2159,24.025,39.629,-7.982,2
2160,24.825,39.629,-7.998,2
2161,25.625,39.629,-8.011,2
2162,26.425,39.629,-8.014,2
2163,27.225,39.629,-8.003,4
2164,28.025,39.629,-7.976,4
2165,29.625,39.629,-7.939,4
2166,30.425,39.629,-7.942,4
2167,31.225,39.629,-7.935,4
2168,32.025,39.629,-7.930,4
2169,32.825,39.629,-7.930,4
2170,33.625,39.629,-7.914,4
2171,36.025,39.629,-7.915,4
2172,36.825,39.629,-7.939,4
2173,37.625,39.629,-7.949,6
2174,38.425,39.629,-7.996,6
2175,39.225,39.629,-8.075,6
2176,40.025,39.629,-8.144,6
2177,40.825,39.629,-8.200,6
2178,41.625,39.629,-8.254,6
2179,42.425,39.629,-8.296,6
2180,43.225,39.629,-8.315,6
2181,44.025,39.629,-8.318,6
2182,44.825,39.629,-8.321,6
2183,45.625,39.629,-8.330,6
2184,46.425,39.629,-8.333,6
2185,47.225,39.629,-8.339,6
2186,48.025,39.629,-8.358,8
2187,48.825,39.629,-8.376,8
2188,49.625,39.629,-8.400,8
2189,50.425,39.629,-8.443,8
2190,51.225,39.629,-8.482,8
2191,52.025,39.629,-8.508,8
2192,52.825,39.629,-8.530,8
2193,53.625,39.629,-8.553,8
2194,54.425,39.629,-8.584,8
2195,55.225,39.629,-8.625,8
2196,56.025,39.629,-8.648,8
2197,56.825,39.629,-8.672,8
2198,57.625,39.629,-8.713,8
2199,58.425,39.629,-8.739,8
2200,59.225,39.629,-8.740,8
2201,60.025,39.629,-8.726,8
2202,60.825,39.629,-8.725,8
2203,61.625,39.629,-8.720,8
2204,62.425,39.629,-8.669,10
2205,63.225,39.629,-8.575,10
2206,64.025,39.629,-8.543,10
2207,64.825,39.629,-8.480,10
2208,66.425,39.629,-8.678,10
2209,67.225,39.629,-8.743,10
2210,68.025,39.629,-8.801,10
2211,68.825,39.629,-8.847,10
2212,69.625,39.629,-8.854,10
2213,70.425,39.629,-8.861,10
2214,71.225,39.629,-8.906,10
2215,72.025,39.629,-8.954,10
2216,72.825,39.629,-8.991,10
2217,73.625,39.629,-9.022,10
2218,74.425,39.629,-9.045,10
2219,75.225,39.629,-9.062,10
2220,76.025,39.629,-9.075,10
2221,76.825,39.629,-9.093,10
2222,77.625,39.629,-9.113,10
2223,78.425,39.629,-9.136,10
2224,79.225,39.629,-9.170,10
2225,80.025,39.629,-9.210,10
2226,80.825,39.629,-9.242,10
2227,81.625,39.629,-9.288,10
2228,82.425,39.629,-9.339,10
2229,83.225,39.629,-9.387,10
2230,84.025,39.629,-9.423,10
2231,84.825,39.629,-9.464,10
2232,85.625,39.629,-9.467,10
2233,86.425,39.629,-9.464,10
2234,87.225,39.629,-9.469,10
2235,88.025,39.629,-9.500,10
2236,88.825,39.629,-9.513,10
2237,89.625,39.629,-9.495,10
2238,90.425,39.629,-9.504,10
2239,12.425,40.429,-7.789,1
2240,13.225,40.429,-7.852,1
2241,14.025,40.429,-7.886,1
2242,14.825,40.429,-7.896,1
2243,15.625,40.429,-7.906,1
2244,16.425,40.429,-7.916,1
2245,17.225,40.429,-7.924,1
2246,18.025,40.429,-7.932,1
2247,18.825,40.429,-7.942,2
2248,19.625,40.429,-7.951,2
2249,20.425,40.429,-7.958,2
2250,21.225,40.429,-7.962,2
2251,22.025,40.429,-7.965,2
2252,22.825,40.429,-7.974,2
2253,23.625,40.429,-7.988,2
2254,24.425,40.429,-8.004,2
2255,25.225,40.429,-8.017,2
2256,26.025,40.429,-8.024,2
2257,26.825,40.429,-8.022,2
2258,27.625,40.429,-8.005,4
2259,28.425,40.429,-7.978,4
2260,29.225,40.429,-7.959,4
2261,30.025,40.429,-7.960,4
2262,30.825,40.429,-7.964,4
2263,31.625,40.429,-7.963,4
2264,32.425,40.429,-7.959,4
2265,33.225,40.429,-7.946,4
2266,35.625,40.429,-7.897,4
2267,36.425,40.429,-7.911,4
2268,37.225,40.429,-7.912,6
2269,38.825,40.429,-7.982,6
2270,39.625,40.429,-8.047,6
2271,40.425,40.429,-8.096,6
2272,41.225,40.429,-8.142,6
2273,42.025,40.429,-8.190,6
2274,42.825,40.429,-8.223,6
2275,43.625,40.429,-8.236,6
2276,44.425,40.429,-8.237,6
2277,45.225,40.429,-8.242,6
2278,46.025,40.429,-8.248,6
2279,46.825,40.429,-8.249,6
2280,47.625,40.429,-8.251,8
2281,48.425,40.429,-8.255,8
2282,49.225,40.429,-8.263,8
2283,50.025,40.429,-8.280,8
2284,50.825,40.429,-8.306,8
2285,51.625,40.429,-8.324,8
2286,52.425,40.429,-8.337,8
2287,53.225,40.429,-8.358,8
2288,54.025,40.429,-8.391,8
2289,54.825,40.429,-8.436,8
2290,55.625,40.429,-8.484,8
2291,56.425,40.429,-8.527,8
2292,57.225,40.429,-8.567,8
2293,58.025,40.429,-8.598,8
2294,58.825,40.429,-8.612,8
2295,59.625,40.429,-8.606,8
2296,60.425,40.429,-8.590,8
2297,61.225,40.429,-8.578,8
2298,62.025,40.429,-8.559,10
2299,62.825,40.429,-8.510,10
2300,63.625,40.429,-8.451,10
2301,64.425,40.429,-8.405,10
2302,65.225,40.429,-8.353,10
2303,66.025,40.429,-8.438,10
2304,66.825,40.429,-8.508,10
2305,67.625,40.429,-8.555,10
2306,68.425,40.429,-8.617,10
2307,69.225,40.429,-8.659,10
2308,70.025,40.429,-8.680,10
2309,70.825,40.429,-8.702,10
2310,71.625,40.429,-8.729,10
2311,72.425,40.429,-8.758,10
2312,73.225,40.429,-8.784,10
2313,74.025,40.429,-8.804,10
2314,74.825,40.429,-8.813,10
2315,75.625,40.429,-8.814,10
2316,76.425,40.429,-8.822,10
2317,77.225,40.429,-8.842,10
2318,78.025,40.429,-8.867,10
2319,78.825,40.429,-8.894,10
2320,79.625,40.429,-8.925,10
2321,80.425,40.429,-8.959,10
2322,81.225,40.429,-8.993,10
2323,82.025,40.429,-9.022,10
2324,82.825,40.429,-9.044,10
2325,83.625,40.429,-9.079,10
2326,84.425,40.429,-9.103,10
2327,85.225,40.429,-9.072,10
2328,86.025,40.429,-9.059,10
2329,86.825,40.429,-9.069,10
2330,87.625,40.429,-9.107,10
2331,88.425,40.429,-9.139,10
2332,89.225,40.429,-9.162,10
2333,90.025,40.429,-9.164,10
2334,90.825,40.429,-9.161,10
2335,91.625,40.429,-9.191,10
2336,92.425,40.429,-9.171,10
2337,12.825,41.229,-7.751,1
2338,13.625,41.229,-7.831,1
2339,16.025,41.229,-7.900,1
2340,16.825,41.229,-7.919,1
2341,17.625,41.229,-7.934,1
2342,18.425,41.229,-7.948,2
2343,19.225,41.229,-7.961,2
2344,20.025,41.229,-7.971,2
2345,20.825,41.229,-7.976,2
2346,21.625,41.229,-7.978,2
2347,22.425,41.229,-7.983,2
2348,23.225,41.229,-7.995,2
2349,24.025,41.229,-8.010,2
2350,24.825,41.229,-8.023,2
2351,25.625,41.229,-8.032,2
2352,26.425,41.229,-8.036,2
2353,27.225,41.229,-8.033,4
2354,28.025,41.229,-8.022,4
2355,28.825,41.229,-8.007,4
2356,29.625,41.229,-8.000,4
2357,30.425,41.229,-7.997,4
2358,31.225,41.229,-7.994,4
2359,32.025,41.229,-7.987,4
2360,32.825,41.229,-7.975,4
2361,33.625,41.229,-7.957,4
2362,34.425,41.229,-7.939,4
2363,35.225,41.229,-7.930,4
2364,36.025,41.229,-7.930,4
2365,36.825,41.229,-7.932,4
2366,37.625,41.229,-7.940,6
2367,38.425,41.229,-7.967,6
2368,39.225,41.229,-8.006,6
2369,40.025,41.229,-8.043,6
2370,40.825,41.229,-8.077,6
2371,41.625,41.229,-8.114,6
2372,42.425,41.229,-8.150,6
2373,43.225,41.229,-8.175,6
2374,44.025,41.229,-8.183,6
2375,44.825,41.229,-8.181,6
2376,45.625,41.229,-8.178,6
2377,46.425,41.229,-8.177,6
2378,47.225,41.229,-8.175,8
2379,48.025,41.229,-8.177,8
2380,48.825,41.229,-8.180,8
2381,49.625,41.229,-8.186,8
2382,50.425,41.229,-8.199,8
2383,51.225,41.229,-8.211,8
2384,52.025,41.229,-8.215,8
2385,52.825,41.229,-8.223,8
2386,53.625,41.229,-8.246,8
2387,54.425,41.229,-8.283,8
2388,55.225,41.229,-8.327,8
2389,56.025,41.229,-8.375,8
2390,56.825,41.229,-8.418,8
2391,57.625,41.229,-8.446,8
2392,58.425,41.229,-8.463,8
2393,59.225,41.229,-8.475,8
2394,60.025,41.229,-8.467,8
2395,60.825,41.229,-8.433,8
2396,61.625,41.229,-8.403,10
2397,62.425,41.229,-8.389,10
2398,63.225,41.229,-8.368,10
2399,64.025,41.229,-8.333,10
2400,64.825,41.229,-8.303,10
2401,65.625,41.229,-8.306,10
2402,66.425,41.229,-8.332,10
2403,67.225,41.229,-8.357,10
2404,68.025,41.229,-8.401,10
2405,68.825,41.229,-8.450,10
2406,69.625,41.229,-8.486,10
2407,70.425,41.229,-8.508,10
2408,71.225,41.229,-8.522,10
2409,72.025,41.229,-8.540,10
2410,72.825,41.229,-8.562,10
2411,73.625,41.229,-8.579,10
2412,74.425,41.229,-8.584,10
2413,75.225,41.229,-8.583,10
2414,76.025,41.229,-8.585,10
2415,76.825,41.229,-8.599,10
2416,77.625,41.229,-8.622,10
2417,78.425,41.229,-8.649,10
2418,79.225,41.229,-8.676,10
2419,80.025,41.229,-8.699,10
2420,80.825,41.229,-8.718,10
2421,81.625,41.229,-8.732,10
2422,82.425,41.229,-8.741,10
2423,83.225,41.229,-8.757,10
2424,84.025,41.229,-8.766,10
2425,84.825,41.229,-8.729,10
2426,85.625,41.229,-8.683,10
2427,86.425,41.229,-8.685,10
2428,87.225,41.229,-8.721,10
2429,88.025,41.229,-8.782,10
2430,88.825,41.229,-8.834,10
2431,89.625,41.229,-8.849,10
2432,90.425,41.229,-8.836,10
2433,91.225,41.229,-8.801,10
2434,92.025,41.229,-8.737,10
2435,13.225,42.029,-7.749,1
2436,15.625,42.029,-7.882,1
2437,16.425,42.029,-7.905,1
2438,17.225,42.029,-7.925,1
2439,18.025,42.029,-7.944,1
2440,18.825,42.029,-7.961,2
2441,19.625,42.029,-7.975,2
2442,20.425,42.029,-7.982,2
2443,21.225,42.029,-7.985,2
2444,22.025,42.029,-7.989,2
2445,22.825,42.029,-7.999,2
2446,23.625,42.029,-8.013,2
2447,24.425,42.029,-8.026,2
2448,25.225,42.029,-8.034,2
2449,26.025,42.029,-8.037,2
2450,26.825,42.029,-8.035,2
2451,27.625,42.029,-8.032,4
2452,28.425,42.029,-8.029,4
2453,29.225,42.029,-8.026,4
2454,30.025,42.029,-8.020,4
2455,30.825,42.029,-8.010,4
2456,31.625,42.029,-7.998,4
2457,32.425,42.029,-7.983,4
2458,33.225,42.029,-7.967,4
2459,34.025,42.029,-7.953,4
2460,34.825,42.029,-7.946,4
2461,35.625,42.029,-7.948,4
2462,36.425,42.029,-7.956,4
2463,37.225,42.029,-7.967,6
2464,38.025,42.029,-7.981,6
2465,38.825,42.029,-7.997,6
2466,39.625,42.029,-8.014,6
2467,40.425,42.029,-8.032,6
2468,41.225,42.029,-8.057,6
2469,42.025,42.029,-8.089,6
2470,42.825,42.029,-8.118,6
2471,43.625,42.029,-8.137,6
2472,44.425,42.029,-8.143,6
2473,46.025,42.029,-8.131,6
2474,46.825,42.029,-8.130,6
2475,47.625,42.029,-8.133,8
2476,48.425,42.029,-8.137,8
2477,49.225,42.029,-8.141,8
2478,50.025,42.029,-8.145,8
2479,50.825,42.029,-8.151,8
2480,51.625,42.029,-8.155,8
2481,52.425,42.029,-8.157,8
2482,53.225,42.029,-8.167,8
2483,54.025,42.029,-8.190,8
2484,54.825,42.029,-8.222,8
2485,55.625,42.029,-8.258,8
2486,56.425,42.029,-8.297,8
2487,57.225,42.029,-8.326,8
2488,58.025,42.029,-8.341,8
2489,58.825,42.029,-8.355,8
2490,59.625,42.029,-8.360,8
2491,60.425,42.029,-8.336,8
2492,61.225,42.029,-8.291,8
2493,62.025,42.029,-8.267,10
2494,62.825,42.029,-8.271,10
2495,63.625,42.029,-8.258,10
2496,64.425,42.029,-8.226,10
2497,65.225,42.029,-8.207,10
2498,66.025,42.029,-8.209,10
2499,66.825,42.029,-8.214,10
2500,67.625,42.029,-8.224,10
2501,68.425,42.029,-8.253,10
2502,69.225,42.029,-8.291,10
2503,70.025,42.029,-8.322,10
2504,70.825,42.029,-8.342,10
2505,71.625,42.029,-8.354,10
2506,72.425,42.029,-8.369,10
2507,73.225,42.029,-8.385,10
2508,74.025,42.029,-8.394,10
2509,74.825,42.029,-8.396,10
2510,75.625,42.029,-8.397,10
2511,76.425,42.029,-8.403,10
2512,77.225,42.029,-8.416,10
2513,78.025,42.029,-8.434,10
2514,78.825,42.029,-8.452,10
2515,79.625,42.029,-8.467,10
2516,80.425,42.029,-8.474,10
2517,81.225,42.029,-8.475,10
2518,82.025,42.029,-8.473,10
2519,82.825,42.029,-8.471,10
2520,83.625,42.029,-8.468,10
2521,84.425,42.029,-8.442,10
2522,85.225,42.029,-8.395,10
2523,86.025,42.029,-8.377,10
2524,86.825,42.029,-8.412,10
2525,87.625,42.029,-8.465,10
2526,88.425,42.029,-8.510,10
2527,89.225,42.029,-8.529,10
2528,90.025,42.029,-8.516,10
2529,90.825,42.029,-8.477,10
2530,12.825,42.829,-7.670,1
2531,13.625,42.829,-7.798,1
2532,14.425,42.829,-7.859,1
2533,15.225,42.829,-7.876,1
2534,16.025,42.829,-7.890,1
2535,16.825,42.829,-7.906,1
2536,17.625,42.829,-7.926,1
2537,18.425,42.829,-7.948,2
2538,19.225,42.829,-7.967,2
2539,20.025,42.829,-7.980,2
2540,20.825,42.829,-7.986,2
2541,21.625,42.829,-7.990,2
2542,22.425,42.829,-7.998,2
2543,23.225,42.829,-8.010,2
2544,24.025,42.829,-8.022,2
2545,24.825,42.829,-8.029,2
2546,25.625,42.829,-8.028,2
2547,26.425,42.829,-8.019,2
2548,27.225,42.829,-8.009,4
2549,28.025,42.829,-8.010,4
2550,28.825,42.829,-8.019,4
2551,29.625,42.829,-8.024,4
2552,30.425,42.829,-8.016,4
2553,31.225,42.829,-8.000,4
2554,32.025,42.829,-7.981,4
2555,32.825,42.829,-7.963,4
2556,33.625,42.829,-7.948,4
2557,34.425,42.829,-7.943,4
2558,35.225,42.829,-7.947,4
2559,36.025,42.829,-7.960,4
2560,36.825,42.829,-7.976,6
2561,37.625,42.829,-7.990,6
2562,39.225,42.829,-7.997,6
2563,40.025,42.829,-7.999,6
2564,40.825,42.829,-8.010,6
2565,41.625,42.829,-8.034,6
2566,42.425,42.829,-8.063,6
2567,43.225,42.829,-8.090,6
2568,44.025,42.829,-8.109,6
2569,44.825,42.829,-8.114,6
2570,45.625,42.829,-8.110,6
2571,46.425,42.829,-8.106,6
2572,47.225,42.829,-8.104,8
2573,48.025,42.829,-8.104,8
2574,48.825,42.829,-8.108,8
2575,49.625,42.829,-8.110,8
2576,50.425,42.829,-8.113,8
2577,51.225,42.829,-8.117,8
2578,52.025,42.829,-8.124,8
2579,52.825,42.829,-8.131,8
2580,53.625,42.829,-8.143,8
2581,54.425,42.829,-8.163,8
2582,55.225,42.829,-8.190,8
2583,56.025,42.829,-8.222,8
2584,56.825,42.829,-8.255,8
2585,57.625,42.829,-8.273,8
2586,58.425,42.829,-8.269,8
2587,59.225,42.829,-8.243,8
2588,60.025,42.829,-8.222,8
2589,60.825,42.829,-8.227,8
2590,61.625,42.829,-8.214,10
2591,62.425,42.829,-8.202,10
2592,63.225,42.829,-8.196,10
2593,64.025,42.829,-8.175,10
2594,64.825,42.829,-8.151,10
2595,65.625,42.829,-8.135,10
2596,66.425,42.829,-8.118,10
2597,67.225,42.829,-8.093,10
2598,68.025,42.829,-8.084,10
2599,68.825,42.829,-8.115,10
2600,69.625,42.829,-8.161,10
2601,70.425,42.829,-8.193,10
2602,71.225,42.829,-8.204,10
2603,72.025,42.829,-8.206,10
2604,72.825,42.829,-8.216,10
2605,73.625,42.829,-8.232,10
2606,74.425,42.829,-8.243,10
2607,75.225,42.829,-8.246,10
2608,76.025,42.829,-8.247,10
2609,76.825,42.829,-8.250,10
2610,77.625,42.829,-8.256,10
2611,78.425,42.829,-8.262,10
2612,79.225,42.829,-8.266,10
2613,80.025,42.829,-8.264,10
2614,80.825,42.829,-8.255,10
2615,81.625,42.829,-8.239,10
2616,82.425,42.829,-8.221,10
2617,83.225,42.829,-8.202,10
2618,84.025,42.829,-8.177,10
2619,84.825,42.829,-8.139,10
2620,85.625,42.829,-8.108,10
2621,86.425,42.829,-8.120,10
2622,87.225,42.829,-8.152,10
2623,88.025,42.829,-8.168,10
2624,88.825,42.829,-8.169,10
2625,13.225,43.629,-7.765,1
2626,14.025,43.629,-7.852,1
2627,14.825,43.629,-7.874,1
2628,15.625,43.629,-7.879,1
2629,16.425,43.629,-7.886,1
2630,17.225,43.629,-7.900,1
2631,18.025,43.629,-7.924,1
2632,18.825,43.629,-7.949,2
2633,19.625,43.629,-7.969,2
2634,20.425,43.629,-7.982,2
2635,21.225,43.629,-7.989,2
2636,22.025,43.629,-7.995,2
2637,22.825,43.629,-8.005,2
2638,23.625,43.629,-8.016,2
2639,24.425,43.629,-8.023,2
2640,25.225,43.629,-8.020,2
2641,26.025,43.629,-8.005,2
2642,29.225,43.629,-8.011,4
2643,30.025,43.629,-8.014,4
2644,30.825,43.629,-7.999,4
2645,31.625,43.629,-7.980,4
2646,32.425,43.629,-7.962,4
2647,33.225,43.629,-7.948,4
2648,34.025,43.629,-7.940,4
2649,34.825,43.629,-7.941,4
2650,35.625,43.629,-7.949,4
2651,36.425,43.629,-7.964,6
2652,37.225,43.629,-7.983,6
2653,38.025,43.629,-7.996,6
2654,38.825,43.629,-7.997,6
2655,39.625,43.629,-7.991,6
2656,41.225,43.629,-7.999,6
2657,42.025,43.629,-8.020,6
2658,42.825,43.629,-8.046,6
2659,43.625,43.629,-8.072,6
2660,44.425,43.629,-8.091,6
2661,45.225,43.629,-8.097,6
2662,46.025,43.629,-8.094,6
2663,46.825,43.629,-8.085,8
2664,47.625,43.629,-8.075,8
2665,48.425,43.629,-8.071,8
2666,49.225,43.629,-8.073,8
2667,50.025,43.629,-8.078,8
2668,50.825,43.629,-8.086,8
2669,51.625,43.629,-8.098,8
2670,52.425,43.629,-8.110,8
2671,53.225,43.629,-8.123,8
2672,54.025,43.629,-8.140,8
2673,54.825,43.629,-8.162,8
2674,55.625,43.629,-8.189,8
2675,56.425,43.629,-8.220,8
2676,57.225,43.629,-8.242,8
2677,58.025,43.629,-8.239,8
2678,58.825,43.629,-8.196,8
2679,60.425,43.629,-8.150,8
2680,61.225,43.629,-8.189,10
2681,62.025,43.629,-8.186,10
2682,62.825,43.629,-8.162,10
2683,63.625,43.629,-8.135,10
2684,64.425,43.629,-8.114,10
2685,65.225,43.629,-8.096,10
2686,66.025,43.629,-8.070,10
2687,66.825,43.629,-8.035,10
2688,67.625,43.629,-7.999,10
2689,68.425,43.629,-7.999,10
2690,69.225,43.629,-8.040,10
2691,70.025,43.629,-8.076,10
2692,70.825,43.629,-8.086,10
2693,71.625,43.629,-8.072,10
2694,73.225,43.629,-8.084,10
2695,74.025,43.629,-8.105,10
2696,74.825,43.629,-8.115,10
2697,75.625,43.629,-8.115,10
2698,77.225,43.629,-8.107,10
2699,78.025,43.629,-8.103,10
2700,78.825,43.629,-8.097,10
2701,79.625,43.629,-8.088,10
2702,80.425,43.629,-8.072,10
2703,81.225,43.629,-8.048,10
2704,82.025,43.629,-8.019,10
2705,82.825,43.629,-7.986,10
2706,83.625,43.629,-7.951,10
2707,84.425,43.629,-7.914,10
2708,85.225,43.629,-7.878,10
2709,86.025,43.629,-7.865,10
2710,12.025,44.429,-7.785,1
2711,12.825,44.429,-7.821,1
2712,13.625,44.429,-7.866,1
2713,14.425,44.429,-7.879,1
2714,15.225,44.429,-7.880,1
2715,16.025,44.429,-7.878,1
2716,16.825,44.429,-7.881,1
2717,17.625,44.429,-7.897,1
2718,18.425,44.429,-7.923,2
2719,19.225,44.429,-7.951,2
2720,20.025,44.429,-7.972,2
2721,20.825,44.429,-7.986,2
2722,21.625,44.429,-7.993,2
2723,22.425,44.429,-8.000,2
2724,23.225,44.429,-8.009,2
2725,24.025,44.429,-8.016,2
2726,24.825,44.429,-8.015,2
2727,25.625,44.429,-8.000,2
2728,28.825,44.429,-7.987,4
2729,29.625,44.429,-8.004,4
2730,30.425,44.429,-7.997,4
2731,31.225,44.429,-7.981,4
2732,32.025,44.429,-7.966,4
2733,32.825,44.429,-7.954,4
2734,33.625,44.429,-7.945,4
2735,34.425,44.429,-7.940,4
2736,37.625,44.429,-7.983,6
2737,38.425,44.429,-7.999,6
2738,39.225,44.429,-8.001,6
2739,40.025,44.429,-7.996,6
2740,40.825,44.429,-7.996,6
2741,41.625,44.429,-8.005,6
2742,42.425,44.429,-8.022,6
2743,43.225,44.429,-8.045,6
2744,44.025,44.429,-8.068,6
2745,44.825,44.429,-8.081,6
2746,45.625,44.429,-8.082,6
2747,46.425,44.429,-8.073,8
2748,47.225,44.429,-8.059,8
2749,48.025,44.429,-8.047,8
2750,48.825,44.429,-8.044,8
2751,49.625,44.429,-8.051,8
2752,50.425,44.429,-8.063,8
2753,51.225,44.429,-8.080,8
2754,52.025,44.429,-8.099,8
2755,52.825,44.429,-8.117,8
2756,53.625,44.429,-8.136,8
2757,54.425,44.429,-8.157,8
2758,55.225,44.429,-8.181,8
2759,56.025,44.429,-8.205,8
2760,56.825,44.429,-8.221,8
2761,57.625,44.429,-8.221,8
2762,58.425,44.429,-8.199,8
2763,59.225,44.429,-8.160,8
2764,60.025,44.429,-8.142,8
2765,60.825,44.429,-8.160,10
2766,61.625,44.429,-8.168,10
2767,62.425,44.429,-8.150,10
2768,63.225,44.429,-8.116,10
2769,64.025,44.429,-8.080,10
2770,64.825,44.429,-8.056,10
2771,65.625,44.429,-8.032,10
2772,66.425,44.429,-8.002,10
2773,67.225,44.429,-7.971,10
2774,68.025,44.429,-7.950,10
2775,68.825,44.429,-7.956,10
2776,69.625,44.429,-7.979,10
2777,70.425,44.429,-7.991,10
2778,71.225,44.429,-7.980,10
2779,72.025,44.429,-7.962,10
2780,72.825,44.429,-7.965,10
2781,73.625,44.429,-7.982,10
2782,74.425,44.429,-7.994,10
2783,75.225,44.429,-7.993,10
2784,76.025,44.429,-7.986,10
2785,76.825,44.429,-7.976,10
2786,77.625,44.429,-7.965,10
2787,78.425,44.429,-7.955,10
2788,79.225,44.429,-7.942,10
2789,80.025,44.429,-7.924,10
2790,11.625,45.229,-7.775,1
2791,12.425,45.229,-7.867,1
2792,13.225,45.229,-7.907,1
2793,14.025,45.229,-7.902,1
2794,14.825,45.229,-7.898,1
2795,15.625,45.229,-7.894,1
2796,16.425,45.229,-7.889,1
2797,17.225,45.229,-7.890,1
2798,18.025,45.229,-7.904,1
2799,18.825,45.229,-7.926,2
2800,19.625,45.229,-7.949,2
2801,20.425,45.229,-7.969,2
2802,21.225,45.229,-7.983,2
2803,22.025,45.229,-7.990,2
2804,22.825,45.229,-7.997,2
2805,23.625,45.229,-8.003,2
2806,24.425,45.229,-8.002,2
2807,25.225,45.229,-7.991,2
2808,26.025,45.229,-7.971,2
2809,26.825,45.229,-7.952,2
2810,27.625,45.229,-7.949,4
2811,28.425,45.229,-7.963,4
2812,29.225,45.229,-7.978,4
2813,30.025,45.229,-7.980,4
2814,30.825,45.229,-7.974,4
2815,31.625,45.229,-7.966,4
2816,32.425,45.229,-7.959,4
2817,33.225,45.229,-7.953,4
2818,34.025,45.229,-7.947,4
2819,34.825,45.229,-7.939,4
2820,37.225,45.229,-7.956,6
2821,38.025,45.229,-7.984,6
2822,38.825,45.229,-8.001,6
2823,39.625,45.229,-8.005,6
2824,40.425,45.229,-8.005,6
2825,41.225,45.229,-8.009,6
2826,42.025,45.229,-8.018,6
2827,42.825,45.229,-8.033,6
2828,43.625,45.229,-8.052,6
2829,44.425,45.229,-8.066,6
2830,45.225,45.229,-8.070,6
2831,46.025,45.229,-8.063,8
2832,46.825,45.229,-8.050,8
2833,47.625,45.229,-8.039,8
2834,48.425,45.229,-8.037,8
2835,49.225,45.229,-8.042,8
2836,50.025,45.229,-8.053,8
2837,50.825,45.229,-8.070,8
2838,51.625,45.229,-8.091,8
2839,52.425,45.229,-8.113,8
2840,53.225,45.229,-8.132,8
2841,54.025,45.229,-8.151,8
2842,54.825,45.229,-8.173,8
2843,55.625,45.229,-8.192,8
2844,56.425,45.229,-8.199,8
2845,57.225,45.229,-8.188,8
2846,58.025,45.229,-8.160,8
2847,58.825,45.229,-8.122,8
2848,59.625,45.229,-8.097,8
2849,60.425,45.229,-8.094,10
2850,61.225,45.229,-8.103,10
2851,62.025,45.229,-8.107,10
2852,62.825,45.229,-8.087,10
2853,63.625,45.229,-8.050,10
2854,64.425,45.229,-8.012,10
2855,65.225,45.229,-7.981,10
2856,66.025,45.229,-7.952,10
2857,66.825,45.229,-7.924,10
2858,67.625,45.229,-7.893,10
2859,68.425,45.229,-7.864,10
2860,69.225,45.229,-7.864,10
2861,70.025,45.229,-7.884,10
2862,70.825,45.229,-7.892,10
2863,71.625,45.229,-7.884,10
2864,72.425,45.229,-7.876,10
2865,73.225,45.229,-7.878,10
2866,74.025,45.229,-7.881,10
2867,74.825,45.229,-7.877,10
2868,75.625,45.229,-7.867,10
2869,12.825,46.029,-7.907,1
2870,13.625,46.029,-7.907,1
2871,14.425,46.029,-7.907,1
2872,15.225,46.029,-7.907,1
2873,16.025,46.029,-7.906,1
2874,16.825,46.029,-7.903,1
2875,17.625,46.029,-7.904,1
2876,18.425,46.029,-7.910,2
2877,19.225,46.029,-7.918,2
2878,20.025,46.029,-7.930,2
2879,20.825,46.029,-7.945,2
2880,21.625,46.029,-7.959,2
2881,22.425,46.029,-7.970,2
2882,23.225,46.029,-7.975,2
2883,24.025,46.029,-7.972,2
2884,24.825,46.029,-7.962,2
2885,25.625,46.029,-7.952,2
2886,26.425,46.029,-7.947,2
2887,27.225,46.029,-7.944,4
2888,28.025,46.029,-7.938,4
2889,28.825,46.029,-7.931,4
2890,29.625,46.029,-7.932,4
2891,30.425,46.029,-7.943,4
2892,31.225,46.029,-7.951,4
2893,32.025,46.029,-7.953,4
2894,32.825,46.029,-7.953,4
2895,33.625,46.029,-7.952,4
2896,34.425,46.029,-7.947,4
2897,35.225,46.029,-7.938,6
2898,36.025,46.029,-7.929,6
2899,36.825,46.029,-7.933,6
2900,37.625,46.029,-7.955,6
2901,38.425,46.029,-7.982,6
2902,39.225,46.029,-8.000,6
2903,40.025,46.029,-8.008,6
2904,40.825,46.029,-8.010,6
2905,41.625,46.029,-8.013,6
2906,42.425,46.029,-8.022,6
2907,43.225,46.029,-8.034,6
2908,44.025,46.029,-8.046,6
2909,44.825,46.029,-8.055,6
2910,45.625,46.029,-8.056,6
2911,46.425,46.029,-8.047,8
2912,47.225,46.029,-8.036,8
2913,48.025,46.029,-8.035,8
2914,48.825,46.029,-8.040,8
2915,49.625,46.029,-8.048,8
2916,50.425,46.029,-8.060,8
2917,51.225,46.029,-8.078,8
2918,52.025,46.029,-8.099,8
2919,52.825,46.029,-8.115,8
2920,53.625,46.029,-8.126,8
2921,54.425,46.029,-8.139,8
2922,55.225,46.029,-8.157,8
2923,56.025,46.029,-8.163,8
2924,56.825,46.029,-8.143,8
2925,57.625,46.029,-8.095,8
2926,60.025,46.029,-7.963,10
2927,61.625,46.029,-8.003,10
2928,62.425,46.029,-8.004,10
2929,63.225,46.029,-7.977,10
2930,64.025,46.029,-7.942,10
2931,64.825,46.029,-7.908,10
2932,65.625,46.029,-7.882,10
2933,66.425,46.029,-7.857,10
2934,67.225,46.029,-7.826,10
2935,68.025,46.029,-7.777,10
2936,13.225,46.829,-7.907,1
2937,14.025,46.829,-7.907,1
2938,14.825,46.829,-7.907,1
2939,15.625,46.829,-7.907,1
2940,16.425,46.829,-7.907,1
2941,17.225,46.829,-7.907,1
2942,18.025,46.829,-7.907,1
2943,18.825,46.829,-7.907,2
2944,19.625,46.829,-7.909,2
2945,20.425,46.829,-7.911,2
2946,21.225,46.829,-7.917,2
2947,22.025,46.829,-7.924,2
2948,22.825,46.829,-7.930,2
2949,23.625,46.829,-7.931,2
2950,24.425,46.829,-7.922,2
2951,25.225,46.829,-7.916,2
2952,26.025,46.829,-7.921,2
2953,26.825,46.829,-7.925,2
2954,27.625,46.829,-7.909,4
2955,28.425,46.829,-7.876,4
2956,29.225,46.829,-7.857,4
2957,30.025,46.829,-7.875,4
2958,30.825,46.829,-7.909,4
2959,31.625,46.829,-7.931,4
2960,32.425,46.829,-7.943,4
2961,33.225,46.829,-7.950,4
2962,34.025,46.829,-7.949,4
2963,34.825,46.829,-7.942,6
2964,35.625,46.829,-7.926,6
2965,36.425,46.829,-7.913,6
2966,37.225,46.829,-7.917,6
2967,38.025,46.829,-7.941,6
2968,38.825,46.829,-7.974,6
2969,39.625,46.829,-7.997,6
2970,40.425,46.829,-8.006,6
2971,42.025,46.829,-8.006,6
2972,42.825,46.829,-8.010,6
2973,43.625,46.829,-8.016,6
2974,44.425,46.829,-8.026,6
2975,45.225,46.829,-8.038,6
2976,46.025,46.829,-8.039,8
2977,46.825,46.829,-8.030,8
2978,47.625,46.829,-8.025,8
2979,48.425,46.829,-8.025,8
2980,49.225,46.829,-8.027,8
2981,50.025,46.829,-8.031,8
2982,50.825,46.829,-8.043,8
2983,51.625,46.829,-8.060,8
2984,52.425,46.829,-8.070,8
2985,53.225,46.829,-8.066,8
2986,54.025,46.829,-8.063,8
2987,54.825,46.829,-8.074,8
2988,55.625,46.829,-8.087,8
2989,56.425,46.829,-8.075,8
2990,57.225,46.829,-8.018,8
2991,58.025,46.829,-7.943,8
2992,59.625,46.829,-7.831,10
2993,60.425,46.829,-7.846,10
2994,61.225,46.829,-7.853,10
2995,62.025,46.829,-7.866,10
2996,14.425,47.629,-7.907,1
2997,15.225,47.629,-7.907,1
2998,16.025,47.629,-7.907,1
2999,16.825,47.629,-7.907,1
3000,17.625,47.629,-7.907,1
3001,18.425,47.629,-7.907,2
3002,19.225,47.629,-7.907,2
3003,20.025,47.629,-7.907,2
3004,20.825,47.629,-7.907,2
3005,21.625,47.629,-7.907,2
3006,22.425,47.629,-7.908,2
3007,23.225,47.629,-7.908,2
3008,24.025,47.629,-7.905,2
3009,24.825,47.629,-7.898,2
3010,25.625,47.629,-7.903,2
3011,26.425,47.629,-7.908,2
3012,27.225,47.629,-7.894,4
3013,28.825,47.629,-7.833,4
3014,29.625,47.629,-7.835,4
3015,30.425,47.629,-7.868,4
3016,31.225,47.629,-7.900,4
3017,32.025,47.629,-7.921,4
3018,32.825,47.629,-7.934,4
3019,33.625,47.629,-7.940,4
3020,34.425,47.629,-7.934,4
3021,35.225,47.629,-7.912,6
3022,36.825,47.629,-7.843,6
3023,37.625,47.629,-7.841,6
3024,38.425,47.629,-7.883,6
3025,39.225,47.629,-7.950,6
3026,40.025,47.629,-7.992,6
3027,40.825,47.629,-8.001,6
3028,41.625,47.629,-7.998,6
3029,42.425,47.629,-7.993,6
3030,43.225,47.629,-7.991,6
3031,44.025,47.629,-7.995,6
3032,44.825,47.629,-8.008,6
3033,45.625,47.629,-8.011,8
3034,46.425,47.629,-7.991,8
3035,47.225,47.629,-7.973,8
3036,48.025,47.629,-7.982,8
3037,48.825,47.629,-7.988,8
3038,49.625,47.629,-7.972,8
3039,50.425,47.629,-7.961,8
3040,51.225,47.629,-7.966,8
3041,52.025,47.629,-7.971,8
3042,52.825,47.629,-7.958,8
3043,53.625,47.629,-7.937,8
3044,54.425,47.629,-7.936,8
3045,55.225,47.629,-7.958,8
3046,56.025,47.629,-7.964,8
3047,56.825,47.629,-7.926,8
3048,58.425,47.629,-7.807,8
3049,59.225,47.629,-7.770,8
3050,15.625,48.429,-7.907,1
3051,16.425,48.429,-7.907,1
3052,17.225,48.429,-7.907,1
3053,18.025,48.429,-7.907,1
3054,18.825,48.429,-7.907,2
3055,19.625,48.429,-7.907,2
3056,20.425,48.429,-7.907,2
3057,21.225,48.429,-7.907,2
3058,22.025,48.429,-7.907,2
3059,22.825,48.429,-7.907,2
3060,23.625,48.429,-7.907,2
3061,24.425,48.429,-7.907,2
3062,25.225,48.429,-7.906,2
3063,26.025,48.429,-7.907,2
3064,26.825,48.429,-7.905,2
3065,27.625,48.429,-7.897,4
3066,28.425,48.429,-7.888,4
3067,29.225,48.429,-7.882,4
3068,30.025,48.429,-7.885,4
3069,30.825,48.429,-7.896,4
3070,31.625,48.429,-7.906,4
3071,32.425,48.429,-7.914,4
3072,33.225,48.429,-7.920,4
3073,34.025,48.429,-7.921,4
3074,34.825,48.429,-7.906,6
3075,35.625,48.429,-7.866,6
3076,36.425,48.429,-7.801,6
3077,37.225,48.429,-7.737,6
3078,38.025,48.429,-7.731,6
3079,38.825,48.429,-7.821,6
3080,39.625,48.429,-7.923,6
3081,40.425,48.429,-7.968,6
3082,41.225,48.429,-7.984,6
3083,42.025,48.429,-7.986,6
3084,42.825,48.429,-7.984,6
3085,43.625,48.429,-7.982,6
3086,44.425,48.429,-7.983,6
3087,45.225,48.429,-7.977,8
3088,46.025,48.429,-7.925,8
3089,47.625,48.429,-7.828,8
3090,48.425,48.429,-7.915,8
3091,49.225,48.429,-7.915,8
3092,50.025,48.429,-7.858,8
3093,50.825,48.429,-7.826,8
3094,53.225,48.429,-7.796,8
3095,54.825,48.429,-7.828,8
3096,55.625,48.429,-7.851,8
3097,56.425,48.429,-7.830,8
3098,16.825,49.229,-7.907,1
3099,17.625,49.229,-7.907,1
3100,18.425,49.229,-7.907,2
3101,19.225,49.229,-7.907,2
3102,20.025,49.229,-7.907,2
3103,20.825,49.229,-7.907,2
3104,21.625,49.229,-7.907,2
3105,22.425,49.229,-7.907,2
3106,23.225,49.229,-7.907,2
3107,24.025,49.229,-7.907,2
3108,24.825,49.229,-7.907,2
3109,25.625,49.229,-7.907,2
3110,26.425,49.229,-7.907,2
3111,27.225,49.229,-7.907,4
3112,28.025,49.229,-7.907,4
3113,28.825,49.229,-7.907,4
3114,29.625,49.229,-7.906,4
3115,30.425,49.229,-7.906,4
3116,31.225,49.229,-7.907,4
3117,32.025,49.229,-7.907,4
3118,32.825,49.229,-7.908,4
3119,33.625,49.229,-7.909,4
3120,34.425,49.229,-7.908,6
3121,35.225,49.229,-7.897,6
3122,36.025,49.229,-7.867,6
3123,36.825,49.229,-7.815,6
3124,37.625,49.229,-7.766,6
3125,38.425,49.229,-7.780,6
3126,39.225,49.229,-7.852,6
3127,40.025,49.229,-7.895,6
3128,40.825,49.229,-7.925,6
3129,41.625,49.229,-7.958,6
3130,42.425,49.229,-7.968,6
3131,43.225,49.229,-7.966,6
3132,44.025,49.229,-7.959,6
3133,44.825,49.229,-7.937,8
3134,45.625,49.229,-7.895,8
3135,46.425,49.229,-7.769,8
3136,48.025,49.229,-7.789,8
3137,48.825,49.229,-7.895,8
3138,49.625,49.229,-7.847,8
3139,51.225,49.229,-7.710,8
3140,52.025,49.229,-7.679,8
3141,53.625,49.229,-7.709,8
3142,18.025,50.029,-7.907,1
3143,18.825,50.029,-7.907,2
3144,19.625,50.029,-7.907,2
3145,20.425,50.029,-7.907,2
3146,21.225,50.029,-7.907,2
3147,22.025,50.029,-7.907,2
3148,22.825,50.029,-7.907,2
3149,23.625,50.029,-7.907,2
3150,24.425,50.029,-7.907,2
3151,25.225,50.029,-7.907,2
3152,26.025,50.029,-7.907,2
3153,26.825,50.029,-7.907,2
3154,27.625,50.029,-7.907,4
3155,28.425,50.029,-7.907,4
3156,29.225,50.029,-7.907,4
3157,30.025,50.029,-7.907,4
3158,30.825,50.029,-7.907,4
3159,31.625,50.029,-7.907,4
3160,32.425,50.029,-7.907,4
3161,33.225,50.029,-7.907,4
3162,34.025,50.029,-7.907,6
3163,34.825,50.029,-7.907,6
3164,35.625,50.029,-7.906,6
3165,36.425,50.029,-7.900,6
3166,37.225,50.029,-7.891,6
3167,38.025,50.029,-7.884,6
3168,38.825,50.029,-7.890,6
3169,39.625,50.029,-7.894,6
3170,40.425,50.029,-7.896,6
3171,41.225,50.029,-7.914,6
3172,42.025,50.029,-7.930,6
3173,42.825,50.029,-7.936,6
3174,43.625,50.029,-7.939,6
3175,44.425,50.029,-7.914,8
3176,45.225,50.029,-7.867,8
3177,46.025,50.029,-7.826,8
3178,46.825,50.029,-7.813,8
3179,47.625,50.029,-7.817,8
3180,48.425,50.029,-7.889,8
3181,49.225,50.029,-7.906,8
3182,50.025,50.029,-7.851,8
3183,50.825,50.029,-7.758,8
3184,19.225,50.829,-7.907,2
3185,20.025,50.829,-7.907,2
3186,20.825,50.829,-7.907,2
3187,21.625,50.829,-7.907,2
3188,22.425,50.829,-7.907,2
3189,23.225,50.829,-7.907,2
3190,24.025,50.829,-7.907,2
3191,24.825,50.829,-7.907,2
3192,25.625,50.829,-7.907,2
3193,26.425,50.829,-7.907,2
3194,27.225,50.829,-7.907,4
3195,28.025,50.829,-7.907,4
3196,28.825,50.829,-7.907,4
3197,29.625,50.829,-7.907,4
3198,30.425,50.829,-7.907,4
3199,31.225,50.829,-7.907,4
3200,32.025,50.829,-7.907,4
3201,32.825,50.829,-7.907,4
3202,33.625,50.829,-7.907,6
3203,34.425,50.829,-7.907,6
3204,35.225,50.829,-7.907,6
3205,36.025,50.829,-7.907,6
3206,36.825,50.829,-7.907,6
3207,37.625,50.829,-7.907,6
3208,38.425,50.829,-7.907,6
3209,39.225,50.829,-7.907,6
3210,40.025,50.829,-7.907,6
3211,40.825,50.829,-7.907,6
3212,41.625,50.829,-7.907,6
3213,42.425,50.829,-7.908,6
3214,43.225,50.829,-7.909,6
3215,44.025,50.829,-7.909,6
3216,44.825,50.829,-7.902,8
3217,45.625,50.829,-7.884,8
3218,46.425,50.829,-7.875,8
3219,47.225,50.829,-7.886,8
3220,48.025,50.829,-7.894,8
3221,48.825,50.829,-7.912,8
3222,21.225,51.629,-7.907,2
3223,22.025,51.629,-7.907,2
3224,22.825,51.629,-7.907,2
3225,23.625,51.629,-7.907,2
3226,24.425,51.629,-7.907,2
3227,25.225,51.629,-7.907,2
3228,26.025,51.629,-7.907,2
3229,26.825,51.629,-7.907,2
3230,27.625,51.629,-7.907,4
3231,28.425,51.629,-7.907,4
3232,29.225,51.629,-7.907,4
3233,30.025,51.629,-7.907,4
3234,30.825,51.629,-7.907,4
3235,31.625,51.629,-7.907,4
3236,32.425,51.629,-7.907,4
3237,33.225,51.629,-7.907,6
3238,34.025,51.629,-7.907,6
3239,34.825,51.629,-7.907,6
3240,35.625,51.629,-7.907,6
3241,36.425,51.629,-7.907,6
3242,37.225,51.629,-7.907,6
3243,38.025,51.629,-7.907,6
3244,38.825,51.629,-7.907,6
3245,39.625,51.629,-7.907,6
3246,40.425,51.629,-7.907,6
3247,41.225,51.629,-7.907,6
3248,42.025,51.629,-7.907,6
3249,42.825,51.629,-7.907,6
3250,43.625,51.629,-7.907,6
3251,44.425,51.629,-7.907,8
3252,45.225,51.629,-7.907,8
3253,46.025,51.629,-7.907,8
3254,23.225,52.429,-7.907,2
3255,24.025,52.429,-7.907,2
3256,24.825,52.429,-7.907,2
3257,25.625,52.429,-7.907,2
3258,26.425,52.429,-7.907,2
3259,27.225,52.429,-7.907,4
3260,28.025,52.429,-7.907,4
3261,28.825,52.429,-7.907,4
3262,29.625,52.429,-7.907,4
3263,30.425,52.429,-7.907,4
3264,31.225,52.429,-7.907,4
3265,32.025,52.429,-7.907,4
3266,32.825,52.429,-7.907,6
3267,33.625,52.429,-7.907,6
3268,34.425,52.429,-7.907,6
3269,35.225,52.429,-7.907,6
3270,36.025,52.429,-7.907,6
3271,36.825,52.429,-7.907,6
3272,37.625,52.429,-7.907,6
3273,38.425,52.429,-7.907,6
3274,39.225,52.429,-7.907,6
3275,40.025,52.429,-7.907,6
3276,40.825,52.429,-7.907,6
3277,41.625,52.429,-7.907,6
3278,42.425,52.429,-7.907,6
3279,26.025,53.229,-7.907,2
3280,26.825,53.229,-7.907,2
3281,27.625,53.229,-7.907,4
3282,28.425,53.229,-7.907,4
3283,29.225,53.229,-7.907,4
3284,30.025,53.229,-7.907,4
3285,30.825,53.229,-7.907,4
3286,31.625,53.229,-7.907,4
3287,32.425,53.229,-7.907,6
3288,33.225,53.229,-7.907,6
3289,34.025,53.229,-7.907,6
3290,34.825,53.229,-7.907,6
3291,35.625,53.229,-7.907,6
3292,36.425,53.229,-7.907,6
3293,37.225,53.229,-7.907,6
3294,38.025,53.229,-7.907,6
3295,38.825,53.229,-7.907,6
3296,32.025,54.029,-7.907,6
3297,32.825,54.029,-7.907,6
